ano,id_campeonato_srgoool,posicao,time,time_norm,pts,jogos,vitorias,empates,derrotas,gols_pro,gols_contra,saldo_gols,cartoes_amarelos,cartoes_vermelhos,aproveitamento,ingressos,publico_pagante,renda_bruta,renda_liquida,publico_informado,fonte_url,status_coleta
2003,247,1,Cruzeiro,cruzeiro,100,46,31,7,8,102,47,55,0,0,72.5,0,0,0.0,0.0,,https://www.srgoool.com.br/plugin/2003/Brasileirao/Serie-A,ok
2003,247,2,Santos,santos,87,46,25,12,9,93,60,33,0,0,63.0,0,0,0.0,0.0,,https://www.srgoool.com.br/plugin/2003/Brasileirao/Serie-A,ok
2003,247,3,São Paulo,sao paulo,78,46,22,12,12,81,67,14,0,0,56.5,0,0,0.0,0.0,,https://www.srgoool.com.br/plugin/2003/Brasileirao/Serie-A,ok
2003,247,4,São Caetano,sao caetano,74,46,19,14,13,53,37,16,0,0,51.4,0,0,0.0,0.0,,https://www.srgoool.com.br/plugin/2003/Brasileirao/Serie-A,ok
2003,247,5,Coritiba,coritiba,73,46,21,10,15,67,58,9,0,0,52.9,0,0,0.0,0.0,,https://www.srgoool.com.br/plugin/2003/Brasileirao/Serie-A,ok
2003,247,6,Internacional,internacional,72,46,20,10,16,59,57,2,0,0,50.7,0,0,0.0,0.0,,https://www.srgoool.com.br/plugin/2003/Brasileirao/Serie-A,ok
2003,247,7,Atlético Mineiro,atletico mineiro,72,46,19,15,12,76,62,14,0,0,52.2,0,0,0.0,0.0,,https://www.srgoool.com.br/plugin/2003/Brasileirao/Serie-A,ok
2003,247,8,Flamengo,flamengo,66,46,18,12,16,66,73,-7,0,0,47.8,0,0,0.0,0.0,,https://www.srgoool.com.br/plugin/2003/Brasileirao/Serie-A,ok
2003,247,9,Goiás,goias,65,46,18,11,17,78,63,15,0,0,47.1,0,0,0.0,0.0,,https://www.srgoool.com.br/plugin/2003/Brasileirao/Serie-A,ok
2003,247,10,Paraná,parana,65,46,18,11,17,85,75,10,0,0,47.1,0,0,0.0,0.0,,https://www.srgoool.com.br/plugin/2003/Brasileirao/Serie-A,ok
2003,247,11,Figueirense,figueirense,65,46,17,14,15,62,54,8,0,0,47.1,0,0,0.0,0.0,,https://www.srgoool.com.br/plugin/2003/Brasileirao/Serie-A,ok
2003,247,12,Athletico Paranaense,athletico paranaense,61,46,17,10,19,67,72,-5,0,0,44.2,0,0,0.0,0.0,,https://www.srgoool.com.br/plugin/2003/Brasileirao/Serie-A,ok
2003,247,13,Guarani,guarani,61,46,17,10,19,64,72,-8,0,0,44.2,0,0,0.0,0.0,,https://www.srgoool.com.br/plugin/2003/Brasileirao/Serie-A,ok
2003,247,14,Criciúma,criciuma,60,46,17,9,20,57,69,-12,0,0,43.5,0,0,0.0,0.0,,https://www.srgoool.com.br/plugin/2003/Brasileirao/Serie-A,ok
2003,247,15,Corinthians,corinthians,59,46,15,12,19,61,63,-2,0,0,41.3,0,0,0.0,0.0,,https://www.srgoool.com.br/plugin/2003/Brasileirao/Serie-A,ok
2003,247,16,Vitória,vitoria,56,46,15,11,20,50,64,-14,0,0,40.6,0,0,0.0,0.0,,https://www.srgoool.com.br/plugin/2003/Brasileirao/Serie-A,ok
2003,247,17,Vasco,vasco,54,46,13,15,18,57,69,-12,0,0,39.1,0,0,0.0,0.0,,https://www.srgoool.com.br/plugin/2003/Brasileirao/Serie-A,ok
2003,247,18,Juventude,juventude,53,46,12,14,20,55,70,-15,0,0,36.2,0,0,0.0,0.0,,https://www.srgoool.com.br/plugin/2003/Brasileirao/Serie-A,ok
2003,247,19,Fluminense,fluminense,52,46,13,11,22,52,77,-25,0,0,36.2,0,0,0.0,0.0,,https://www.srgoool.com.br/plugin/2003/Brasileirao/Serie-A,ok
2003,247,20,Grêmio,gremio,50,46,13,11,22,54,68,-14,0,0,36.2,0,0,0.0,0.0,,https://www.srgoool.com.br/plugin/2003/Brasileirao/Serie-A,ok
2003,247,21,Ponte Preta,ponte preta,50,46,11,18,17,63,73,-10,0,0,37.0,0,0,0.0,0.0,,https://www.srgoool.com.br/plugin/2003/Brasileirao/Serie-A,ok
2003,247,22,Paysandu,paysandu,49,46,15,12,19,74,77,-3,0,0,41.3,0,0,0.0,0.0,,https://www.srgoool.com.br/plugin/2003/Brasileirao/Serie-A,ok
2003,247,23,Fortaleza,fortaleza,49,46,12,13,21,58,74,-16,0,0,35.5,0,0,0.0,0.0,,https://www.srgoool.com.br/plugin/2003/Brasileirao/Serie-A,ok
2003,247,24,Bahia,bahia,46,46,12,10,24,59,92,-33,0,0,33.3,0,0,0.0,0.0,,https://www.srgoool.com.br/plugin/2003/Brasileirao/Serie-A,ok
2004,246,1,Santos,santos,89,46,27,8,11,103,58,45,0,0,64.5,0,0,0.0,0.0,,https://www.srgoool.com.br/plugin/2004/Brasileirao/Serie-A,ok
2004,246,2,Athletico Paranaense,athletico paranaense,86,46,25,11,10,93,56,37,0,0,62.3,0,0,0.0,0.0,,https://www.srgoool.com.br/plugin/2004/Brasileirao/Serie-A,ok
2004,246,3,São Paulo,sao paulo,82,46,24,10,12,78,43,35,0,0,59.4,0,0,0.0,0.0,,https://www.srgoool.com.br/plugin/2004/Brasileirao/Serie-A,ok
2004,246,4,Palmeiras,palmeiras,79,46,22,13,11,72,47,25,0,0,57.2,0,0,0.0,0.0,,https://www.srgoool.com.br/plugin/2004/Brasileirao/Serie-A,ok
2004,246,5,Corinthians,corinthians,74,46,20,14,12,54,54,0,0,0,53.6,0,0,0.0,0.0,,https://www.srgoool.com.br/plugin/2004/Brasileirao/Serie-A,ok
2004,246,6,Goiás,goias,72,46,21,9,16,81,68,13,0,0,52.2,0,0,0.0,0.0,,https://www.srgoool.com.br/plugin/2004/Brasileirao/Serie-A,ok
2004,246,7,Juventude,juventude,70,46,20,10,16,60,66,-6,0,0,50.7,0,0,0.0,0.0,,https://www.srgoool.com.br/plugin/2004/Brasileirao/Serie-A,ok
2004,246,8,Internacional,internacional,67,46,20,7,19,66,59,7,0,0,48.6,0,0,0.0,0.0,,https://www.srgoool.com.br/plugin/2004/Brasileirao/Serie-A,ok
2004,246,9,Fluminense,fluminense,67,46,18,13,15,65,68,-3,0,0,48.6,0,0,0.0,0.0,,https://www.srgoool.com.br/plugin/2004/Brasileirao/Serie-A,ok
2004,246,10,Ponte Preta,ponte preta,64,46,19,7,20,43,73,-30,0,0,46.4,0,0,0.0,0.0,,https://www.srgoool.com.br/plugin/2004/Brasileirao/Serie-A,ok
2004,246,11,Figueirense,figueirense,63,46,17,12,17,57,59,-2,0,0,45.7,0,0,0.0,0.0,,https://www.srgoool.com.br/plugin/2004/Brasileirao/Serie-A,ok
2004,246,12,Coritiba,coritiba,62,46,15,17,14,53,48,5,0,0,44.9,0,0,0.0,0.0,,https://www.srgoool.com.br/plugin/2004/Brasileirao/Serie-A,ok
2004,246,13,Cruzeiro,cruzeiro,56,46,16,8,22,69,81,-12,0,0,40.6,0,0,0.0,0.0,,https://www.srgoool.com.br/plugin/2004/Brasileirao/Serie-A,ok
2004,246,14,Paysandu,paysandu,56,46,14,14,18,56,76,-20,0,0,40.6,0,0,0.0,0.0,,https://www.srgoool.com.br/plugin/2004/Brasileirao/Serie-A,ok
2004,246,15,Paraná,parana,54,46,15,9,22,52,73,-21,0,0,39.1,0,0,0.0,0.0,,https://www.srgoool.com.br/plugin/2004/Brasileirao/Serie-A,ok
2004,246,16,Vasco,vasco,54,46,14,12,20,64,68,-4,0,0,39.1,0,0,0.0,0.0,,https://www.srgoool.com.br/plugin/2004/Brasileirao/Serie-A,ok
2004,246,17,Flamengo,flamengo,54,46,13,15,18,51,53,-2,0,0,39.1,0,0,0.0,0.0,,https://www.srgoool.com.br/plugin/2004/Brasileirao/Serie-A,ok
2004,246,18,São Caetano,sao caetano,53,46,23,8,15,65,49,16,0,0,55.8,0,0,0.0,0.0,,https://www.srgoool.com.br/plugin/2004/Brasileirao/Serie-A,ok
2004,246,19,Atlético Mineiro,atletico mineiro,53,46,12,17,17,60,66,-6,0,0,38.4,0,0,0.0,0.0,,https://www.srgoool.com.br/plugin/2004/Brasileirao/Serie-A,ok
2004,246,20,Botafogo,botafogo,51,46,11,18,17,62,71,-9,0,0,37.0,0,0,0.0,0.0,,https://www.srgoool.com.br/plugin/2004/Brasileirao/Serie-A,ok
2004,246,21,Criciúma,criciuma,50,46,13,11,22,61,78,-17,0,0,36.2,0,0,0.0,0.0,,https://www.srgoool.com.br/plugin/2004/Brasileirao/Serie-A,ok
2004,246,22,Guarani,guarani,49,46,11,16,19,43,55,-12,0,0,35.5,0,0,0.0,0.0,,https://www.srgoool.com.br/plugin/2004/Brasileirao/Serie-A,ok
2004,246,23,Vitória,vitoria,48,46,13,9,24,68,87,-19,0,0,34.8,0,0,0.0,0.0,,https://www.srgoool.com.br/plugin/2004/Brasileirao/Serie-A,ok
2004,246,24,Grêmio,gremio,39,46,9,12,25,60,80,-20,0,0,28.3,0,0,0.0,0.0,,https://www.srgoool.com.br/plugin/2004/Brasileirao/Serie-A,ok
2005,245,1,Corinthians,corinthians,81,42,24,9,9,87,59,28,0,0,64.3,0,0,0.0,0.0,,https://www.srgoool.com.br/plugin/2005/Brasileirao/Serie-A,ok
2005,245,2,Internacional,internacional,78,42,23,9,10,72,49,23,0,0,61.9,0,0,0.0,0.0,,https://www.srgoool.com.br/plugin/2005/Brasileirao/Serie-A,ok
2005,245,3,Goiás,goias,74,42,22,8,12,68,51,17,0,0,58.7,0,0,0.0,0.0,,https://www.srgoool.com.br/plugin/2005/Brasileirao/Serie-A,ok
2005,245,4,Palmeiras,palmeiras,70,42,20,10,12,81,65,16,0,0,55.6,0,0,0.0,0.0,,https://www.srgoool.com.br/plugin/2005/Brasileirao/Serie-A,ok
2005,245,5,Fluminense,fluminense,68,42,19,11,12,79,70,9,0,0,54.0,0,0,0.0,0.0,,https://www.srgoool.com.br/plugin/2005/Brasileirao/Serie-A,ok
2005,245,6,Athletico Paranaense,athletico paranaense,61,42,18,7,17,76,67,9,0,0,48.4,0,0,0.0,0.0,,https://www.srgoool.com.br/plugin/2005/Brasileirao/Serie-A,ok
2005,245,7,Paraná,parana,61,42,17,10,15,59,51,8,0,0,48.4,0,0,0.0,0.0,,https://www.srgoool.com.br/plugin/2005/Brasileirao/Serie-A,ok
2005,245,8,Cruzeiro,cruzeiro,60,42,17,9,16,73,72,1,0,0,47.6,0,0,0.0,0.0,,https://www.srgoool.com.br/plugin/2005/Brasileirao/Serie-A,ok
2005,245,9,Botafogo,botafogo,59,42,17,8,17,57,56,1,0,0,46.8,0,0,0.0,0.0,,https://www.srgoool.com.br/plugin/2005/Brasileirao/Serie-A,ok
2005,245,10,Santos,santos,59,42,16,11,15,68,71,-3,0,0,46.8,0,0,0.0,0.0,,https://www.srgoool.com.br/plugin/2005/Brasileirao/Serie-A,ok
2005,245,11,São Paulo,sao paulo,58,42,16,10,16,77,67,10,0,0,46.0,0,0,0.0,0.0,,https://www.srgoool.com.br/plugin/2005/Brasileirao/Serie-A,ok
2005,245,12,Vasco,vasco,56,42,15,11,16,74,84,-10,0,0,44.4,0,0,0.0,0.0,,https://www.srgoool.com.br/plugin/2005/Brasileirao/Serie-A,ok
2005,245,13,Fortaleza,fortaleza,55,42,16,7,19,58,64,-6,0,0,43.7,0,0,0.0,0.0,,https://www.srgoool.com.br/plugin/2005/Brasileirao/Serie-A,ok
2005,245,14,Juventude,juventude,55,42,15,10,17,66,72,-6,0,0,43.7,0,0,0.0,0.0,,https://www.srgoool.com.br/plugin/2005/Brasileirao/Serie-A,ok
2005,245,15,Flamengo,flamengo,55,42,14,13,15,56,60,-4,0,0,43.7,0,0,0.0,0.0,,https://www.srgoool.com.br/plugin/2005/Brasileirao/Serie-A,ok
2005,245,16,Figueirense,figueirense,53,42,14,11,17,65,72,-7,0,0,42.1,0,0,0.0,0.0,,https://www.srgoool.com.br/plugin/2005/Brasileirao/Serie-A,ok
2005,245,17,São Caetano,sao caetano,52,42,14,10,18,54,60,-6,0,0,41.3,0,0,0.0,0.0,,https://www.srgoool.com.br/plugin/2005/Brasileirao/Serie-A,ok
2005,245,18,Ponte Preta,ponte preta,51,42,15,6,21,63,80,-17,0,0,40.5,0,0,0.0,0.0,,https://www.srgoool.com.br/plugin/2005/Brasileirao/Serie-A,ok
2005,245,19,Coritiba,coritiba,49,42,13,10,19,51,60,-9,0,0,38.9,0,0,0.0,0.0,,https://www.srgoool.com.br/plugin/2005/Brasileirao/Serie-A,ok
2005,245,20,Atlético Mineiro,atletico mineiro,47,42,13,8,21,54,59,-5,0,0,37.3,0,0,0.0,0.0,,https://www.srgoool.com.br/plugin/2005/Brasileirao/Serie-A,ok
2005,245,21,Paysandu,paysandu,41,42,12,5,25,63,92,-29,0,0,32.5,0,0,0.0,0.0,,https://www.srgoool.com.br/plugin/2005/Brasileirao/Serie-A,ok
2005,245,22,Brasiliense,brasiliense,41,42,10,11,21,47,67,-20,0,0,32.5,0,0,0.0,0.0,,https://www.srgoool.com.br/plugin/2005/Brasileirao/Serie-A,ok
2006,242,1,São Paulo,sao paulo,78,38,22,12,4,66,32,34,0,0,68.4,0,0,0.0,0.0,,https://www.srgoool.com.br/plugin/2006/Brasileirao/Serie-A,ok
2006,242,2,Internacional,internacional,69,38,20,9,9,52,36,16,0,0,60.5,0,0,0.0,0.0,,https://www.srgoool.com.br/plugin/2006/Brasileirao/Serie-A,ok
2006,242,3,Grêmio,gremio,67,38,20,7,11,64,45,19,0,0,58.8,0,0,0.0,0.0,,https://www.srgoool.com.br/plugin/2006/Brasileirao/Serie-A,ok
2006,242,4,Santos,santos,64,38,18,10,10,58,36,22,0,0,56.1,0,0,0.0,0.0,,https://www.srgoool.com.br/plugin/2006/Brasileirao/Serie-A,ok
2006,242,5,Paraná,parana,60,38,18,6,14,56,49,7,0,0,52.6,0,0,0.0,0.0,,https://www.srgoool.com.br/plugin/2006/Brasileirao/Serie-A,ok
2006,242,6,Vasco,vasco,59,38,15,14,9,57,50,7,0,0,51.8,0,0,0.0,0.0,,https://www.srgoool.com.br/plugin/2006/Brasileirao/Serie-A,ok
2006,242,7,Figueirense,figueirense,57,38,15,12,11,52,44,8,0,0,50.0,0,0,0.0,0.0,,https://www.srgoool.com.br/plugin/2006/Brasileirao/Serie-A,ok
2006,242,8,Goiás,goias,55,38,15,10,13,63,49,14,0,0,48.2,0,0,0.0,0.0,,https://www.srgoool.com.br/plugin/2006/Brasileirao/Serie-A,ok
2006,242,9,Corinthians,corinthians,53,38,15,8,15,41,46,-5,0,0,46.5,0,0,0.0,0.0,,https://www.srgoool.com.br/plugin/2006/Brasileirao/Serie-A,ok
2006,242,10,Cruzeiro,cruzeiro,53,38,14,11,13,52,45,7,0,0,46.5,0,0,0.0,0.0,,https://www.srgoool.com.br/plugin/2006/Brasileirao/Serie-A,ok
2006,242,11,Flamengo,flamengo,52,38,15,7,16,44,48,-4,0,0,45.6,0,0,0.0,0.0,,https://www.srgoool.com.br/plugin/2006/Brasileirao/Serie-A,ok
2006,242,12,Botafogo,botafogo,51,38,13,12,13,52,50,2,0,0,44.7,0,0,0.0,0.0,,https://www.srgoool.com.br/plugin/2006/Brasileirao/Serie-A,ok
2006,242,13,Athletico Paranaense,athletico paranaense,48,38,13,9,16,61,62,-1,0,0,42.1,0,0,0.0,0.0,,https://www.srgoool.com.br/plugin/2006/Brasileirao/Serie-A,ok
2006,242,14,Juventude,juventude,47,38,13,8,17,44,54,-10,0,0,41.2,0,0,0.0,0.0,,https://www.srgoool.com.br/plugin/2006/Brasileirao/Serie-A,ok
2006,242,15,Fluminense,fluminense,45,38,11,12,15,48,58,-10,0,0,39.5,0,0,0.0,0.0,,https://www.srgoool.com.br/plugin/2006/Brasileirao/Serie-A,ok
2006,242,16,Palmeiras,palmeiras,44,38,12,8,18,58,70,-12,0,0,38.6,0,0,0.0,0.0,,https://www.srgoool.com.br/plugin/2006/Brasileirao/Serie-A,ok
2006,242,17,Ponte Preta,ponte preta,39,38,10,9,19,45,65,-20,0,0,34.2,0,0,0.0,0.0,,https://www.srgoool.com.br/plugin/2006/Brasileirao/Serie-A,ok
2006,242,18,Fortaleza,fortaleza,38,38,8,14,16,39,62,-23,0,0,33.3,0,0,0.0,0.0,,https://www.srgoool.com.br/plugin/2006/Brasileirao/Serie-A,ok
2006,242,19,São Caetano,sao caetano,36,38,9,9,20,37,53,-16,0,0,31.6,0,0,0.0,0.0,,https://www.srgoool.com.br/plugin/2006/Brasileirao/Serie-A,ok
2006,242,20,Santa Cruz,santa cruz,28,38,7,7,24,41,76,-35,0,0,24.6,0,0,0.0,0.0,,https://www.srgoool.com.br/plugin/2006/Brasileirao/Serie-A,ok
2007,241,1,São Paulo,sao paulo,77,38,23,8,7,55,19,36,0,0,67.5,0,0,0.0,0.0,,https://www.srgoool.com.br/plugin/2007/Brasileirao/Serie-A,ok
2007,241,2,Santos,santos,62,38,19,5,14,57,47,10,0,0,54.4,0,0,0.0,0.0,,https://www.srgoool.com.br/plugin/2007/Brasileirao/Serie-A,ok
2007,241,3,Flamengo,flamengo,61,38,17,10,11,55,49,6,0,0,53.5,0,0,0.0,0.0,,https://www.srgoool.com.br/plugin/2007/Brasileirao/Serie-A,ok
2007,241,4,Fluminense,fluminense,61,38,16,13,9,57,39,18,0,0,53.5,0,0,0.0,0.0,,https://www.srgoool.com.br/plugin/2007/Brasileirao/Serie-A,ok
2007,241,5,Cruzeiro,cruzeiro,60,38,18,6,14,73,58,15,0,0,52.6,0,0,0.0,0.0,,https://www.srgoool.com.br/plugin/2007/Brasileirao/Serie-A,ok
2007,241,6,Grêmio,gremio,58,38,17,7,14,44,43,1,0,0,50.9,0,0,0.0,0.0,,https://www.srgoool.com.br/plugin/2007/Brasileirao/Serie-A,ok
2007,241,7,Palmeiras,palmeiras,58,38,16,10,12,48,47,1,0,0,50.9,0,0,0.0,0.0,,https://www.srgoool.com.br/plugin/2007/Brasileirao/Serie-A,ok
2007,241,8,Atlético Mineiro,atletico mineiro,55,38,15,10,13,63,51,12,0,0,48.2,0,0,0.0,0.0,,https://www.srgoool.com.br/plugin/2007/Brasileirao/Serie-A,ok
2007,241,9,Botafogo,botafogo,55,38,14,13,11,62,58,4,0,0,48.2,0,0,0.0,0.0,,https://www.srgoool.com.br/plugin/2007/Brasileirao/Serie-A,ok
2007,241,10,Vasco,vasco,54,38,15,9,14,58,47,11,0,0,47.4,0,0,0.0,0.0,,https://www.srgoool.com.br/plugin/2007/Brasileirao/Serie-A,ok
2007,241,11,Internacional,internacional,54,38,15,9,14,49,44,5,0,0,47.4,0,0,0.0,0.0,,https://www.srgoool.com.br/plugin/2007/Brasileirao/Serie-A,ok
2007,241,12,Athletico Paranaense,athletico paranaense,54,38,14,12,12,51,50,1,0,0,47.4,0,0,0.0,0.0,,https://www.srgoool.com.br/plugin/2007/Brasileirao/Serie-A,ok
2007,241,13,Figueirense,figueirense,53,38,14,11,13,57,56,1,0,0,46.5,0,0,0.0,0.0,,https://www.srgoool.com.br/plugin/2007/Brasileirao/Serie-A,ok
2007,241,14,Sport,sport,51,38,14,9,15,54,55,-1,0,0,44.7,0,0,0.0,0.0,,https://www.srgoool.com.br/plugin/2007/Brasileirao/Serie-A,ok
2007,241,15,Náutico,nautico,49,38,14,7,17,66,63,3,0,0,43.0,0,0,0.0,0.0,,https://www.srgoool.com.br/plugin/2007/Brasileirao/Serie-A,ok
2007,241,16,Goiás,goias,45,38,13,6,19,49,62,-13,0,0,39.5,0,0,0.0,0.0,,https://www.srgoool.com.br/plugin/2007/Brasileirao/Serie-A,ok
2007,241,17,Corinthians,corinthians,44,38,10,14,14,40,50,-10,0,0,38.6,0,0,0.0,0.0,,https://www.srgoool.com.br/plugin/2007/Brasileirao/Serie-A,ok
2007,241,18,Juventude,juventude,41,38,11,8,19,43,65,-22,0,0,36.0,0,0,0.0,0.0,,https://www.srgoool.com.br/plugin/2007/Brasileirao/Serie-A,ok
2007,241,19,Paraná,parana,41,38,11,8,19,42,64,-22,0,0,36.0,0,0,0.0,0.0,,https://www.srgoool.com.br/plugin/2007/Brasileirao/Serie-A,ok
2007,241,20,América de Natal,america de natal,17,38,4,5,29,24,80,-56,0,0,14.9,0,0,0.0,0.0,,https://www.srgoool.com.br/plugin/2007/Brasileirao/Serie-A,ok
2008,240,1,São Paulo,sao paulo,75,38,21,12,5,66,36,30,0,0,65.8,0,0,0.0,0.0,,https://www.srgoool.com.br/plugin/2008/Brasileirao/Serie-A,ok
2008,240,2,Grêmio,gremio,72,38,21,9,8,59,35,24,0,0,63.2,0,0,0.0,0.0,,https://www.srgoool.com.br/plugin/2008/Brasileirao/Serie-A,ok
2008,240,3,Cruzeiro,cruzeiro,67,38,21,4,13,59,44,15,0,0,58.8,0,0,0.0,0.0,,https://www.srgoool.com.br/plugin/2008/Brasileirao/Serie-A,ok
2008,240,4,Palmeiras,palmeiras,65,38,19,8,11,55,45,10,0,0,57.0,0,0,0.0,0.0,,https://www.srgoool.com.br/plugin/2008/Brasileirao/Serie-A,ok
2008,240,5,Flamengo,flamengo,64,38,18,10,10,67,48,19,0,0,56.1,0,0,0.0,0.0,,https://www.srgoool.com.br/plugin/2008/Brasileirao/Serie-A,ok
2008,240,6,Internacional,internacional,54,38,15,9,14,48,47,1,0,0,47.4,0,0,0.0,0.0,,https://www.srgoool.com.br/plugin/2008/Brasileirao/Serie-A,ok
2008,240,7,Botafogo,botafogo,53,38,15,8,15,51,44,7,0,0,46.5,0,0,0.0,0.0,,https://www.srgoool.com.br/plugin/2008/Brasileirao/Serie-A,ok
2008,240,8,Goiás,goias,53,38,14,11,13,57,47,10,0,0,46.5,0,0,0.0,0.0,,https://www.srgoool.com.br/plugin/2008/Brasileirao/Serie-A,ok
2008,240,9,Coritiba,coritiba,53,38,14,11,13,55,48,7,0,0,46.5,0,0,0.0,0.0,,https://www.srgoool.com.br/plugin/2008/Brasileirao/Serie-A,ok
2008,240,10,Vitória,vitoria,52,38,15,7,16,48,44,4,0,0,45.6,0,0,0.0,0.0,,https://www.srgoool.com.br/plugin/2008/Brasileirao/Serie-A,ok
2008,240,11,Sport,sport,52,38,14,10,14,48,45,3,0,0,45.6,0,0,0.0,0.0,,https://www.srgoool.com.br/plugin/2008/Brasileirao/Serie-A,ok
2008,240,12,Atlético Mineiro,atletico mineiro,48,38,12,12,14,50,61,-11,0,0,42.1,0,0,0.0,0.0,,https://www.srgoool.com.br/plugin/2008/Brasileirao/Serie-A,ok
2008,240,13,Athletico Paranaense,athletico paranaense,45,38,12,9,17,45,54,-9,0,0,39.5,0,0,0.0,0.0,,https://www.srgoool.com.br/plugin/2008/Brasileirao/Serie-A,ok
2008,240,14,Fluminense,fluminense,45,38,11,12,15,49,48,1,0,0,39.5,0,0,0.0,0.0,,https://www.srgoool.com.br/plugin/2008/Brasileirao/Serie-A,ok
2008,240,15,Santos,santos,45,38,11,12,15,44,53,-9,0,0,39.5,0,0,0.0,0.0,,https://www.srgoool.com.br/plugin/2008/Brasileirao/Serie-A,ok
2008,240,16,Náutico,nautico,44,38,11,11,16,44,54,-10,0,0,38.6,0,0,0.0,0.0,,https://www.srgoool.com.br/plugin/2008/Brasileirao/Serie-A,ok
2008,240,17,Figueirense,figueirense,44,38,11,11,16,49,73,-24,0,0,38.6,0,0,0.0,0.0,,https://www.srgoool.com.br/plugin/2008/Brasileirao/Serie-A,ok
2008,240,18,Vasco,vasco,40,38,11,7,20,56,72,-16,0,0,35.1,0,0,0.0,0.0,,https://www.srgoool.com.br/plugin/2008/Brasileirao/Serie-A,ok
2008,240,19,Portuguesa,portuguesa,38,38,9,11,18,48,70,-22,0,0,33.3,0,0,0.0,0.0,,https://www.srgoool.com.br/plugin/2008/Brasileirao/Serie-A,ok
2008,240,20,Ipatinga,ipatinga,35,38,9,8,21,37,67,-30,0,0,30.7,0,0,0.0,0.0,,https://www.srgoool.com.br/plugin/2008/Brasileirao/Serie-A,ok
2009,67,1,Flamengo,flamengo,67,38,19,10,9,58,44,14,0,0,58.8,0,0,0.0,0.0,,https://www.srgoool.com.br/plugin/2009/Brasileirao/Serie-A,ok
2009,67,2,Internacional,internacional,65,38,19,8,11,65,44,21,0,0,57.0,0,0,0.0,0.0,,https://www.srgoool.com.br/plugin/2009/Brasileirao/Serie-A,ok
2009,67,3,São Paulo,sao paulo,65,38,18,11,9,57,42,15,0,0,57.0,0,0,0.0,0.0,,https://www.srgoool.com.br/plugin/2009/Brasileirao/Serie-A,ok
2009,67,4,Cruzeiro,cruzeiro,62,38,18,8,12,58,53,5,0,0,54.4,0,0,0.0,0.0,,https://www.srgoool.com.br/plugin/2009/Brasileirao/Serie-A,ok
2009,67,5,Palmeiras,palmeiras,62,38,17,11,10,58,45,13,0,0,54.4,0,0,0.0,0.0,,https://www.srgoool.com.br/plugin/2009/Brasileirao/Serie-A,ok
2009,67,6,Avaí,avai,57,38,15,12,11,61,52,9,0,0,50.0,0,0,0.0,0.0,,https://www.srgoool.com.br/plugin/2009/Brasileirao/Serie-A,ok
2009,67,7,Atlético Mineiro,atletico mineiro,56,38,16,8,14,55,56,-1,0,0,49.1,0,0,0.0,0.0,,https://www.srgoool.com.br/plugin/2009/Brasileirao/Serie-A,ok
2009,67,8,Grêmio,gremio,55,38,15,10,13,67,46,21,0,0,48.2,0,0,0.0,0.0,,https://www.srgoool.com.br/plugin/2009/Brasileirao/Serie-A,ok
2009,67,9,Goiás,goias,55,38,15,10,13,64,65,-1,0,0,48.2,0,0,0.0,0.0,,https://www.srgoool.com.br/plugin/2009/Brasileirao/Serie-A,ok
2009,67,10,Corinthians,corinthians,52,38,14,10,14,50,54,-4,0,0,45.6,0,0,0.0,0.0,,https://www.srgoool.com.br/plugin/2009/Brasileirao/Serie-A,ok
2009,67,11,Grêmio Barueri,gremio barueri,49,38,12,13,13,59,52,7,0,0,43.0,0,0,0.0,0.0,,https://www.srgoool.com.br/plugin/2009/Brasileirao/Serie-A,ok
2009,67,12,Santos,santos,49,38,12,13,13,58,58,0,0,0,43.0,0,0,0.0,0.0,,https://www.srgoool.com.br/plugin/2009/Brasileirao/Serie-A,ok
2009,67,13,Vitória,vitoria,48,38,13,9,16,51,57,-6,0,0,42.1,0,0,0.0,0.0,,https://www.srgoool.com.br/plugin/2009/Brasileirao/Serie-A,ok
2009,67,14,Athletico Paranaense,athletico paranaense,48,38,13,9,16,42,49,-7,0,0,42.1,0,0,0.0,0.0,,https://www.srgoool.com.br/plugin/2009/Brasileirao/Serie-A,ok
2009,67,15,Botafogo,botafogo,47,38,11,14,13,52,58,-6,0,0,41.2,0,0,0.0,0.0,,https://www.srgoool.com.br/plugin/2009/Brasileirao/Serie-A,ok
2009,67,16,Fluminense,fluminense,46,38,11,13,14,49,56,-7,0,0,40.4,0,0,0.0,0.0,,https://www.srgoool.com.br/plugin/2009/Brasileirao/Serie-A,ok
2009,67,17,Coritiba,coritiba,45,38,12,9,17,48,60,-12,0,0,39.5,0,0,0.0,0.0,,https://www.srgoool.com.br/plugin/2009/Brasileirao/Serie-A,ok
2009,67,18,Santo André,santo andre,41,38,11,8,19,46,61,-15,0,0,36.0,0,0,0.0,0.0,,https://www.srgoool.com.br/plugin/2009/Brasileirao/Serie-A,ok
2009,67,19,Náutico,nautico,38,38,10,8,20,48,71,-23,0,0,33.3,0,0,0.0,0.0,,https://www.srgoool.com.br/plugin/2009/Brasileirao/Serie-A,ok
2009,67,20,Sport,sport,31,38,7,10,21,48,71,-23,0,0,27.2,0,0,0.0,0.0,,https://www.srgoool.com.br/plugin/2009/Brasileirao/Serie-A,ok
2010,45,1,Fluminense,fluminense,71,38,20,11,7,62,36,26,0,0,62.3,0,0,0.0,0.0,,https://www.srgoool.com.br/plugin/2010/Brasileirao/Serie-A,ok
2010,45,2,Cruzeiro,cruzeiro,69,38,20,9,9,53,38,15,0,0,60.5,0,0,0.0,0.0,,https://www.srgoool.com.br/plugin/2010/Brasileirao/Serie-A,ok
2010,45,3,Corinthians,corinthians,68,38,19,11,8,65,41,24,0,0,59.6,0,0,0.0,0.0,,https://www.srgoool.com.br/plugin/2010/Brasileirao/Serie-A,ok
2010,45,4,Grêmio,gremio,63,38,17,12,9,68,43,25,0,0,55.3,0,0,0.0,0.0,,https://www.srgoool.com.br/plugin/2010/Brasileirao/Serie-A,ok
2010,45,5,Athletico Paranaense,athletico paranaense,60,38,17,9,12,43,45,-2,0,0,52.6,0,0,0.0,0.0,,https://www.srgoool.com.br/plugin/2010/Brasileirao/Serie-A,ok
2010,45,6,Botafogo,botafogo,59,38,14,17,7,54,42,12,0,0,51.8,0,0,0.0,0.0,,https://www.srgoool.com.br/plugin/2010/Brasileirao/Serie-A,ok
2010,45,7,Internacional,internacional,58,38,16,10,12,48,41,7,0,0,50.9,0,0,0.0,0.0,,https://www.srgoool.com.br/plugin/2010/Brasileirao/Serie-A,ok
2010,45,8,Santos,santos,56,38,15,11,12,63,50,13,0,0,49.1,0,0,0.0,0.0,,https://www.srgoool.com.br/plugin/2010/Brasileirao/Serie-A,ok
2010,45,9,São Paulo,sao paulo,55,38,15,10,13,54,54,0,0,0,48.2,0,0,0.0,0.0,,https://www.srgoool.com.br/plugin/2010/Brasileirao/Serie-A,ok
2010,45,10,Palmeiras,palmeiras,50,38,12,14,12,42,43,-1,0,0,43.9,0,0,0.0,0.0,,https://www.srgoool.com.br/plugin/2010/Brasileirao/Serie-A,ok
2010,45,11,Vasco,vasco,49,38,11,16,11,43,45,-2,0,0,43.0,0,0,0.0,0.0,,https://www.srgoool.com.br/plugin/2010/Brasileirao/Serie-A,ok
2010,45,12,Ceará,ceara,47,38,10,17,11,35,44,-9,0,0,41.2,0,0,0.0,0.0,,https://www.srgoool.com.br/plugin/2010/Brasileirao/Serie-A,ok
2010,45,13,Atlético Mineiro,atletico mineiro,45,38,13,6,19,52,64,-12,0,0,39.5,0,0,0.0,0.0,,https://www.srgoool.com.br/plugin/2010/Brasileirao/Serie-A,ok
2010,45,14,Flamengo,flamengo,44,38,9,17,12,41,44,-3,0,0,38.6,0,0,0.0,0.0,,https://www.srgoool.com.br/plugin/2010/Brasileirao/Serie-A,ok
2010,45,15,Avaí,avai,43,38,11,10,17,49,58,-9,0,0,37.7,0,0,0.0,0.0,,https://www.srgoool.com.br/plugin/2010/Brasileirao/Serie-A,ok
2010,45,16,Atlético Goianiense,atletico goianiense,42,38,11,9,18,51,57,-6,0,0,36.8,0,0,0.0,0.0,,https://www.srgoool.com.br/plugin/2010/Brasileirao/Serie-A,ok
2010,45,17,Vitória,vitoria,42,38,9,15,14,42,48,-6,0,0,36.8,0,0,0.0,0.0,,https://www.srgoool.com.br/plugin/2010/Brasileirao/Serie-A,ok
2010,45,18,Guarani,guarani,37,38,8,13,17,33,53,-20,0,0,32.5,0,0,0.0,0.0,,https://www.srgoool.com.br/plugin/2010/Brasileirao/Serie-A,ok
2010,45,19,Goiás,goias,33,38,8,9,21,41,68,-27,0,0,28.9,0,0,0.0,0.0,,https://www.srgoool.com.br/plugin/2010/Brasileirao/Serie-A,ok
2010,45,20,Grêmio Prudente Futebol,gremio prudente,28,38,7,10,21,39,64,-25,0,0,27.2,0,0,0.0,0.0,,https://www.srgoool.com.br/plugin/2010/Brasileirao/Serie-A,ok
2011,12,1,Corinthians,corinthians,71,38,21,8,9,53,36,17,0,0,62.3,422544,417925,14170130.5,0.0,,https://www.srgoool.com.br/plugin/2011/Brasileirao/Serie-A,ok
2011,12,2,Vasco,vasco,69,38,19,12,7,57,40,17,0,0,60.5,178681,161779,4042845.0,0.0,,https://www.srgoool.com.br/plugin/2011/Brasileirao/Serie-A,ok
2011,12,3,Fluminense,fluminense,63,38,20,3,15,60,51,9,0,0,55.3,176487,128320,3418752.5,0.0,,https://www.srgoool.com.br/plugin/2011/Brasileirao/Serie-A,ok
2011,12,4,Flamengo,flamengo,61,38,15,16,7,59,47,12,0,0,53.5,300172,239475,7074005.0,0.0,,https://www.srgoool.com.br/plugin/2011/Brasileirao/Serie-A,ok
2011,12,5,Internacional,internacional,60,38,16,12,10,57,43,14,0,0,52.6,222545,240377,3431335.0,0.0,,https://www.srgoool.com.br/plugin/2011/Brasileirao/Serie-A,ok
2011,12,6,São Paulo,sao paulo,59,38,16,11,11,57,46,11,0,0,51.8,490908,367923,10392488.0,0.0,,https://www.srgoool.com.br/plugin/2011/Brasileirao/Serie-A,ok
2011,12,7,Figueirense,figueirense,58,38,15,13,10,46,45,1,0,0,50.9,164943,164943,2460425.0,0.0,,https://www.srgoool.com.br/plugin/2011/Brasileirao/Serie-A,ok
2011,12,8,Coritiba,coritiba,57,38,16,9,13,57,41,16,0,0,50.0,306663,274593,4325910.0,0.0,,https://www.srgoool.com.br/plugin/2011/Brasileirao/Serie-A,ok
2011,12,9,Botafogo,botafogo,56,38,16,8,14,52,49,3,0,0,49.1,221863,204750,4061685.0,0.0,,https://www.srgoool.com.br/plugin/2011/Brasileirao/Serie-A,ok
2011,12,10,Santos,santos,53,38,15,8,15,55,55,0,0,0,46.5,129276,109860,2455965.0,0.0,,https://www.srgoool.com.br/plugin/2011/Brasileirao/Serie-A,ok
2011,12,11,Palmeiras,palmeiras,50,38,11,17,10,43,39,4,0,0,43.9,225141,203208,5527441.0,0.0,,https://www.srgoool.com.br/plugin/2011/Brasileirao/Serie-A,ok
2011,12,12,Grêmio,gremio,48,38,13,9,16,49,57,-8,0,0,42.1,434589,238153,4519206.0,0.0,,https://www.srgoool.com.br/plugin/2011/Brasileirao/Serie-A,ok
2011,12,13,Atlético Goianiense,atletico goianiense,48,38,12,12,14,50,45,5,0,0,42.1,194152,127561,2206280.0,0.0,,https://www.srgoool.com.br/plugin/2011/Brasileirao/Serie-A,ok
2011,12,14,Bahia,bahia,46,38,11,13,14,43,49,-6,0,0,40.4,326323,304386,6787717.5,0.0,,https://www.srgoool.com.br/plugin/2011/Brasileirao/Serie-A,ok
2011,12,15,Atlético Mineiro,atletico mineiro,45,38,13,6,19,50,60,-10,0,0,39.5,218155,198184,1378260.0,0.0,,https://www.srgoool.com.br/plugin/2011/Brasileirao/Serie-A,ok
2011,12,16,Cruzeiro,cruzeiro,43,38,11,10,17,48,51,-3,0,0,37.7,183116,137954,2008390.5899999999,0.0,,https://www.srgoool.com.br/plugin/2011/Brasileirao/Serie-A,ok
2011,12,17,Athletico Paranaense,athletico paranaense,41,38,10,11,17,38,55,-17,0,0,36.0,213028,213028,3798470.0,0.0,,https://www.srgoool.com.br/plugin/2011/Brasileirao/Serie-A,ok
2011,12,18,Ceará,ceara,39,38,10,9,19,47,64,-17,0,0,34.2,169595,186506,1507185.0,0.0,,https://www.srgoool.com.br/plugin/2011/Brasileirao/Serie-A,ok
2011,12,19,América Mineiro,america mineiro,37,38,8,13,17,51,69,-18,0,0,32.5,85874,50164,815200.0,0.0,,https://www.srgoool.com.br/plugin/2011/Brasileirao/Serie-A,ok
2011,12,20,Avaí,avai,31,38,7,10,21,45,75,-30,0,0,27.2,106789,106789,1429460.0,0.0,,https://www.srgoool.com.br/plugin/2011/Brasileirao/Serie-A,ok
2012,1,1,Fluminense,fluminense,77,38,22,11,5,61,33,28,88,3,67.5,299185,240231,5969285.0,2142533.3899999997,,https://www.srgoool.com.br/plugin/2012/Brasileirao/Serie-A,ok
2012,1,2,Atlético Mineiro,atletico mineiro,72,38,20,12,6,64,37,27,117,10,63.2,360940,347204,12216670.0,5101526.38,,https://www.srgoool.com.br/plugin/2012/Brasileirao/Serie-A,ok
2012,1,3,Grêmio,gremio,71,38,20,11,7,56,33,23,111,9,62.3,620655,447066,11204068.5,7399456.82,,https://www.srgoool.com.br/plugin/2012/Brasileirao/Serie-A,ok
2012,1,4,São Paulo,sao paulo,66,38,20,6,12,59,37,22,102,6,57.9,511481,459485,10522733.0,7587281.479999999,,https://www.srgoool.com.br/plugin/2012/Brasileirao/Serie-A,ok
2012,1,5,Vasco,vasco,58,38,16,10,12,45,44,1,93,3,50.9,189769,143618,4231400.0,481492.65,,https://www.srgoool.com.br/plugin/2012/Brasileirao/Serie-A,ok
2012,1,6,Corinthians,corinthians,57,38,15,12,11,51,39,12,91,3,50.0,483883,479226,14108083.18,8291695.33,,https://www.srgoool.com.br/plugin/2012/Brasileirao/Serie-A,ok
2012,1,7,Botafogo,botafogo,55,38,15,10,13,60,50,10,79,3,48.2,221490,161916,4900625.0,1137783.74,,https://www.srgoool.com.br/plugin/2012/Brasileirao/Serie-A,ok
2012,1,8,Santos,santos,53,38,13,14,11,50,44,6,86,4,46.5,186936,154049,2835299.0,515750.33999999985,,https://www.srgoool.com.br/plugin/2012/Brasileirao/Serie-A,ok
2012,1,9,Cruzeiro,cruzeiro,52,38,15,7,16,47,51,-4,130,9,45.6,284983,221867,6192640.0,2332731.24,,https://www.srgoool.com.br/plugin/2012/Brasileirao/Serie-A,ok
2012,1,10,Internacional,internacional,52,38,13,13,12,44,40,4,113,6,45.6,176130,176130,2965040.0,1462304.2999999998,,https://www.srgoool.com.br/plugin/2012/Brasileirao/Serie-A,ok
2012,1,11,Flamengo,flamengo,50,38,12,14,12,39,46,-7,88,6,43.9,369030,232752,4765440.0,1603712.08,,https://www.srgoool.com.br/plugin/2012/Brasileirao/Serie-A,ok
2012,1,12,Náutico,nautico,49,38,14,7,17,44,51,-7,90,6,43.0,261571,244989,4973265.0,4021843.560000001,,https://www.srgoool.com.br/plugin/2012/Brasileirao/Serie-A,ok
2012,1,13,Coritiba,coritiba,48,38,14,6,18,53,60,-7,107,7,42.1,238999,238999,4165547.0,-405304.91,,https://www.srgoool.com.br/plugin/2012/Brasileirao/Serie-A,ok
2012,1,14,Ponte Preta,ponte preta,48,38,12,12,14,37,44,-7,97,3,42.1,148736,118518,1560181.0,319941.08999999997,,https://www.srgoool.com.br/plugin/2012/Brasileirao/Serie-A,ok
2012,1,15,Bahia,bahia,47,38,11,14,13,37,41,-4,114,2,41.2,386933,360634,7198040.0,4157953.8600000003,,https://www.srgoool.com.br/plugin/2012/Brasileirao/Serie-A,ok
2012,1,16,Portuguesa,portuguesa,45,38,10,15,13,39,41,-2,90,4,39.5,100083,80490,2245345.0,999940.65,,https://www.srgoool.com.br/plugin/2012/Brasileirao/Serie-A,ok
2012,1,17,Sport,sport,41,38,10,11,17,39,56,-17,99,8,36.0,416071,338402,6299800.0,4763939.589999999,,https://www.srgoool.com.br/plugin/2012/Brasileirao/Serie-A,ok
2012,1,18,Palmeiras,palmeiras,34,38,9,7,22,39,54,-15,116,6,29.8,257400,227679,6419301.5,3407245.83,,https://www.srgoool.com.br/plugin/2012/Brasileirao/Serie-A,ok
2012,1,19,Atlético Goianiense,atletico goianiense,30,38,7,9,22,37,67,-30,103,6,26.3,228549,106149,3408900.0,2406925.67,,https://www.srgoool.com.br/plugin/2012/Brasileirao/Serie-A,ok
2012,1,20,Figueirense,figueirense,30,38,7,9,22,39,72,-33,105,9,26.3,151988,151988,2822150.0,2087824.0599999994,,https://www.srgoool.com.br/plugin/2012/Brasileirao/Serie-A,ok
2013,105,1,Cruzeiro,cruzeiro,76,38,23,7,8,77,37,40,74,4,66.7,592704,549131,27852158.65,6164139.300000001,,https://www.srgoool.com.br/plugin/2013/Brasileirao/Serie-A,ok
2013,105,2,Grêmio,gremio,65,38,18,11,9,42,35,7,80,6,57.0,390060,375520,14378798.0,11687941.68,,https://www.srgoool.com.br/plugin/2013/Brasileirao/Serie-A,ok
2013,105,3,Athletico Paranaense,athletico paranaense,64,38,18,10,10,65,49,16,86,5,56.1,170551,166670,2952790.0,110461.22000000002,,https://www.srgoool.com.br/plugin/2013/Brasileirao/Serie-A,ok
2013,105,4,Botafogo,botafogo,61,38,17,10,11,55,41,14,83,3,53.5,537507,241014,9500280.0,2915168.94,,https://www.srgoool.com.br/plugin/2013/Brasileirao/Serie-A,ok
2013,105,5,Vitória,vitoria,59,38,16,11,11,59,53,6,67,1,51.8,298185,280814,5028201.5,2141564.9899999998,,https://www.srgoool.com.br/plugin/2013/Brasileirao/Serie-A,ok
2013,105,6,Goiás,goias,59,38,16,11,11,48,44,4,69,5,51.8,460065,240921,5118940.0,3262814.1099999994,,https://www.srgoool.com.br/plugin/2013/Brasileirao/Serie-A,ok
2013,105,7,Santos,santos,57,38,15,12,11,51,38,13,81,3,50.0,239278,197698,10083404.0,5125860.42,,https://www.srgoool.com.br/plugin/2013/Brasileirao/Serie-A,ok
2013,105,8,Atlético Mineiro,atletico mineiro,57,38,15,12,11,49,38,11,106,9,50.0,263454,217285,6861265.0,2208195.77,,https://www.srgoool.com.br/plugin/2013/Brasileirao/Serie-A,ok
2013,105,9,São Paulo,sao paulo,50,38,14,8,16,39,40,-1,93,10,43.9,492705,439190,5847238.0,3588329.33,,https://www.srgoool.com.br/plugin/2013/Brasileirao/Serie-A,ok
2013,105,10,Corinthians,corinthians,50,38,11,17,10,27,22,5,67,3,43.9,466612,464376,15026991.5,9588102.14,,https://www.srgoool.com.br/plugin/2013/Brasileirao/Serie-A,ok
2013,105,11,Coritiba,coritiba,48,38,12,12,14,42,45,-3,99,3,42.1,278363,278363,5254211.0,317163.58999999997,,https://www.srgoool.com.br/plugin/2013/Brasileirao/Serie-A,ok
2013,105,12,Bahia,bahia,48,38,12,12,14,37,45,-8,105,7,42.1,372569,350539,9631899.0,2998747.960000001,,https://www.srgoool.com.br/plugin/2013/Brasileirao/Serie-A,ok
2013,105,13,Internacional,internacional,48,38,11,15,12,51,52,-1,99,7,42.1,137446,137446,3190435.0,1715482.06,,https://www.srgoool.com.br/plugin/2013/Brasileirao/Serie-A,ok
2013,105,14,Criciúma,criciuma,46,38,13,7,18,49,63,-14,104,6,40.4,219409,219409,3691215.0,2834466.4299999997,,https://www.srgoool.com.br/plugin/2013/Brasileirao/Serie-A,ok
2013,105,15,Fluminense,fluminense,46,38,12,10,16,43,47,-4,85,11,40.4,606132,335097,7718325.0,3254071.83,,https://www.srgoool.com.br/plugin/2013/Brasileirao/Serie-A,ok
2013,105,16,Flamengo,flamengo,45,38,12,13,13,43,46,-3,67,5,43.0,697326,444323,22571144.0,7925862.750000002,,https://www.srgoool.com.br/plugin/2013/Brasileirao/Serie-A,ok
2013,105,17,Portuguesa,portuguesa,44,38,12,12,14,50,46,4,93,9,42.1,113284,91991,3114045.0,1251085.7900000003,,https://www.srgoool.com.br/plugin/2013/Brasileirao/Serie-A,ok
2013,105,18,Vasco,vasco,44,38,11,11,16,50,61,-11,94,2,38.6,432880,334736,12443365.0,3306589.49,,https://www.srgoool.com.br/plugin/2013/Brasileirao/Serie-A,ok
2013,105,19,Ponte Preta,ponte preta,37,38,9,10,19,37,55,-18,83,4,32.5,140138,121860,1057477.0,-133018.34,,https://www.srgoool.com.br/plugin/2013/Brasileirao/Serie-A,ok
2013,105,20,Náutico,nautico,20,38,5,5,28,22,79,-57,78,3,17.5,380540,194972,5219012.0,4341299.590000001,,https://www.srgoool.com.br/plugin/2013/Brasileirao/Serie-A,ok
2014,154,1,Cruzeiro,cruzeiro,80,38,24,8,6,67,38,29,70,2,70.2,614524,563835,27585105.0,3872957.75,,https://www.srgoool.com.br/plugin/2014/Brasileirao/Serie-A,ok
2014,154,2,São Paulo,sao paulo,70,38,20,10,8,59,40,19,93,4,61.4,594082,542329,14450274.0,8271768.490000001,,https://www.srgoool.com.br/plugin/2014/Brasileirao/Serie-A,ok
2014,154,3,Internacional,internacional,69,38,21,6,11,53,41,12,98,6,60.5,424051,424051,14572865.0,10534084.2,,https://www.srgoool.com.br/plugin/2014/Brasileirao/Serie-A,ok
2014,154,4,Corinthians,corinthians,69,38,19,12,7,49,31,18,72,3,60.5,550501,550248,35068905.7,22376804.709999997,,https://www.srgoool.com.br/plugin/2014/Brasileirao/Serie-A,ok
2014,154,5,Atlético Mineiro,atletico mineiro,62,38,17,11,10,51,38,13,83,2,54.4,305647,268508,6305742.5,2573512.6399999997,,https://www.srgoool.com.br/plugin/2014/Brasileirao/Serie-A,ok
2014,154,6,Fluminense,fluminense,61,38,17,10,11,61,42,19,81,5,53.5,434775,351314,8170900.0,2583691.2899999996,,https://www.srgoool.com.br/plugin/2014/Brasileirao/Serie-A,ok
2014,154,7,Grêmio,gremio,61,38,17,10,11,36,24,12,99,3,53.5,419144,399600,13146094.71,10437678.299999999,,https://www.srgoool.com.br/plugin/2014/Brasileirao/Serie-A,ok
2014,154,8,Athletico Paranaense,athletico paranaense,54,38,15,9,14,43,42,1,72,1,47.4,194851,183568,4475332.0,986019.71,,https://www.srgoool.com.br/plugin/2014/Brasileirao/Serie-A,ok
2014,154,9,Santos,santos,53,38,15,8,15,42,35,7,77,4,46.5,221089,175617,5858051.0,2684881.7499999995,,https://www.srgoool.com.br/plugin/2014/Brasileirao/Serie-A,ok
2014,154,10,Flamengo,flamengo,52,38,14,10,14,46,47,-1,69,4,45.6,611794,501806,19917405.0,5952879.96,,https://www.srgoool.com.br/plugin/2014/Brasileirao/Serie-A,ok
2014,154,11,Sport,sport,52,38,14,10,14,36,46,-10,76,2,45.6,446629,346179,7881200.0,5884029.380000001,,https://www.srgoool.com.br/plugin/2014/Brasileirao/Serie-A,ok
2014,154,12,Goiás,goias,47,38,13,8,17,38,40,-2,77,2,41.2,172577,131906,5176865.0,3072950.7299999995,,https://www.srgoool.com.br/plugin/2014/Brasileirao/Serie-A,ok
2014,154,13,Figueirense,figueirense,47,38,13,8,17,37,47,-10,100,10,41.2,159190,159182,3047045.0,2058439.6600000001,,https://www.srgoool.com.br/plugin/2014/Brasileirao/Serie-A,ok
2014,154,14,Coritiba,coritiba,47,38,12,11,15,42,45,-3,98,2,41.2,234252,234252,5283850.5,1251399.77,,https://www.srgoool.com.br/plugin/2014/Brasileirao/Serie-A,ok
2014,154,15,Chapecoense,chapecoense,43,38,11,10,17,39,44,-5,69,2,37.7,190394,190394,3651150.0,2683933.9299999997,,https://www.srgoool.com.br/plugin/2014/Brasileirao/Serie-A,ok
2014,154,16,Palmeiras,palmeiras,40,38,11,7,20,34,59,-25,96,7,35.1,392641,375343,16646940.0,9219672.100000001,,https://www.srgoool.com.br/plugin/2014/Brasileirao/Serie-A,ok
2014,154,17,Vitória,vitoria,38,38,10,8,20,37,54,-17,80,2,33.3,218024,195075,3000524.5,1044239.42,,https://www.srgoool.com.br/plugin/2014/Brasileirao/Serie-A,ok
2014,154,18,Bahia,bahia,37,38,9,10,19,31,43,-12,106,7,32.5,232174,226414,6204300.5,1758827.06,,https://www.srgoool.com.br/plugin/2014/Brasileirao/Serie-A,ok
2014,154,19,Botafogo,botafogo,34,38,9,7,22,31,48,-17,94,9,29.8,288093,215878,12368175.0,3122080.6599999997,,https://www.srgoool.com.br/plugin/2014/Brasileirao/Serie-A,ok
2014,154,20,Criciúma,criciuma,32,38,7,11,20,28,56,-28,118,5,28.1,172691,172691,2932180.0,2108028.2199999997,,https://www.srgoool.com.br/plugin/2014/Brasileirao/Serie-A,ok
2015,243,1,Corinthians,corinthians,81,38,24,9,5,71,31,40,68,2,71.1,648949,648849,38740817.83,23958205.450000003,,https://www.srgoool.com.br/plugin/2015/Brasileirao/Serie-A,ok
2015,243,2,Atlético Mineiro,atletico mineiro,69,38,21,6,11,65,47,18,82,4,60.5,475231,442539,16229190.5,1764098.94,,https://www.srgoool.com.br/plugin/2015/Brasileirao/Serie-A,ok
2015,243,3,Grêmio,gremio,68,38,20,8,10,52,32,20,97,2,59.6,479730,479730,17751542.700000003,14514518.71,,https://www.srgoool.com.br/plugin/2015/Brasileirao/Serie-A,ok
2015,243,4,São Paulo,sao paulo,62,38,18,8,12,53,47,6,81,5,54.4,490929,390670,10458717.0,6129164.080000001,,https://www.srgoool.com.br/plugin/2015/Brasileirao/Serie-A,ok
2015,243,5,Internacional,internacional,60,38,17,9,12,39,38,1,107,6,52.6,360610,360610,9720965.0,6247172.540000001,,https://www.srgoool.com.br/plugin/2015/Brasileirao/Serie-A,ok
2015,243,6,Sport,sport,59,38,15,14,9,53,38,15,72,2,51.8,299478,271451,8086135.0,5388992.13,,https://www.srgoool.com.br/plugin/2015/Brasileirao/Serie-A,ok
2015,243,7,Santos,santos,58,38,16,10,12,59,41,18,87,9,50.9,179332,165133,5185600.0,1869983.1700000002,,https://www.srgoool.com.br/plugin/2015/Brasileirao/Serie-A,ok
2015,243,8,Cruzeiro,cruzeiro,55,38,15,10,13,44,35,9,97,5,48.2,421552,419456,14236650.29,1660199.66,,https://www.srgoool.com.br/plugin/2015/Brasileirao/Serie-A,ok
2015,243,9,Palmeiras,palmeiras,53,38,15,8,15,60,51,9,93,5,46.5,563564,563029,35314641.44,24163707.519999996,,https://www.srgoool.com.br/plugin/2015/Brasileirao/Serie-A,ok
2015,243,10,Athletico Paranaense,athletico paranaense,51,38,14,9,15,43,48,-5,91,7,44.7,312173,312173,7340460.0,2352967.8800000004,,https://www.srgoool.com.br/plugin/2015/Brasileirao/Serie-A,ok
2015,243,11,Ponte Preta,ponte preta,51,38,13,12,13,41,40,1,107,5,44.7,156418,105820,2994810.0,1505201.4100000001,,https://www.srgoool.com.br/plugin/2015/Brasileirao/Serie-A,ok
2015,243,12,Flamengo,flamengo,49,38,15,4,19,45,53,-8,93,7,43.0,619842,588292,26009987.0,8014902.7,,https://www.srgoool.com.br/plugin/2015/Brasileirao/Serie-A,ok
2015,243,13,Fluminense,fluminense,47,38,14,5,19,40,49,-9,104,10,41.2,352729,310676,12393560.0,3830622.9600000004,,https://www.srgoool.com.br/plugin/2015/Brasileirao/Serie-A,ok
2015,243,14,Chapecoense,chapecoense,47,38,12,11,15,34,44,-10,86,3,41.2,172377,172377,3223820.0,2272954.98,,https://www.srgoool.com.br/plugin/2015/Brasileirao/Serie-A,ok
2015,243,15,Coritiba,coritiba,44,38,11,11,16,31,42,-11,117,5,38.6,252024,252014,5286070.0,603690.1500000001,,https://www.srgoool.com.br/plugin/2015/Brasileirao/Serie-A,ok
2015,243,16,Figueirense,figueirense,43,38,11,10,17,36,50,-14,119,5,37.7,165233,165233,3391910.0,2533951.7800000003,,https://www.srgoool.com.br/plugin/2015/Brasileirao/Serie-A,ok
2015,243,17,Avaí,avai,42,38,11,9,18,38,60,-22,121,3,36.8,161072,161072,3373804.0,2389414.65,,https://www.srgoool.com.br/plugin/2015/Brasileirao/Serie-A,ok
2015,243,18,Vasco,vasco,41,38,10,11,17,28,54,-26,122,14,36.0,311249,244621,9865570.0,3080800.85,,https://www.srgoool.com.br/plugin/2015/Brasileirao/Serie-A,ok
2015,243,19,Goiás,goias,38,38,10,8,20,39,49,-10,95,3,33.3,146141,143491,3088437.5,2063462.93,,https://www.srgoool.com.br/plugin/2015/Brasileirao/Serie-A,ok
2015,243,20,Joinville,joinville,31,38,7,10,21,26,48,-22,104,8,27.2,177265,177265,3462440.0,2207390.45,,https://www.srgoool.com.br/plugin/2015/Brasileirao/Serie-A,ok
2016,341,1,Palmeiras,palmeiras,80,38,24,8,6,62,32,30,95,0,70.2,617016,616947,42311615.78,31243075.230000004,,https://www.srgoool.com.br/plugin/2016/Brasileirao/Serie-A,ok
2016,341,2,Santos,santos,71,38,22,5,11,59,35,24,78,4,62.3,227000,213282,8238765.0,3845201.87,,https://www.srgoool.com.br/plugin/2016/Brasileirao/Serie-A,ok
2016,341,3,Flamengo,flamengo,71,38,20,11,7,52,35,17,68,5,62.3,508361,466302,26160928.0,11231140.670000002,,https://www.srgoool.com.br/plugin/2016/Brasileirao/Serie-A,ok
2016,341,4,Atlético Mineiro,atletico mineiro,62,37,17,11,9,61,50,11,76,4,55.9,379696,351689,10868249.0,-214138.96000000008,,https://www.srgoool.com.br/plugin/2016/Brasileirao/Serie-A,ok
2016,341,5,Botafogo,botafogo,59,38,17,8,13,43,39,4,95,2,51.8,183707,137907,3978590.0,72702.78000000006,,https://www.srgoool.com.br/plugin/2016/Brasileirao/Serie-A,ok
2016,341,6,Athletico Paranaense,athletico paranaense,57,38,17,6,15,38,32,6,78,1,50.0,299275,299275,7166500.0,2330399.7700000005,,https://www.srgoool.com.br/plugin/2016/Brasileirao/Serie-A,ok
2016,341,7,Corinthians,corinthians,55,38,15,10,13,48,42,6,82,5,48.2,546516,546516,29197356.0,16984138.15,,https://www.srgoool.com.br/plugin/2016/Brasileirao/Serie-A,ok
2016,341,8,Ponte Preta,ponte preta,53,38,15,8,15,48,52,-4,97,3,46.5,123516,100886,1729690.0,127248.41999999995,,https://www.srgoool.com.br/plugin/2016/Brasileirao/Serie-A,ok
2016,341,9,Grêmio,gremio,53,38,14,11,13,41,44,-3,95,6,46.5,388510,388510,13503612.0,10655557.91,,https://www.srgoool.com.br/plugin/2016/Brasileirao/Serie-A,ok
2016,341,10,São Paulo,sao paulo,52,38,14,10,14,44,36,8,95,5,45.6,518777,427746,9355409.0,4551111.87,,https://www.srgoool.com.br/plugin/2016/Brasileirao/Serie-A,ok
2016,341,11,Chapecoense,chapecoense,52,37,13,13,11,49,53,-4,79,2,46.8,137015,137015,2650240.0,1755648.7300000002,,https://www.srgoool.com.br/plugin/2016/Brasileirao/Serie-A,ok
2016,341,12,Cruzeiro,cruzeiro,51,38,14,9,15,48,49,-1,103,9,44.7,397487,388877,10929460.0,1223291.7099999997,,https://www.srgoool.com.br/plugin/2016/Brasileirao/Serie-A,ok
2016,341,13,Fluminense,fluminense,50,38,13,11,14,45,45,0,88,1,43.9,229024,173644,5440157.0,2453268.6200000006,,https://www.srgoool.com.br/plugin/2016/Brasileirao/Serie-A,ok
2016,341,14,Sport,sport,47,38,13,8,17,49,55,-6,89,7,41.2,229682,227399,4272715.0,2540241.6699999995,,https://www.srgoool.com.br/plugin/2016/Brasileirao/Serie-A,ok
2016,341,15,Coritiba,coritiba,46,38,11,13,14,41,42,-1,100,4,40.4,187979,187979,4149680.0,82296.67000000001,,https://www.srgoool.com.br/plugin/2016/Brasileirao/Serie-A,ok
2016,341,16,Vitória,vitoria,45,38,12,9,17,51,53,-2,113,6,39.5,284445,265941,4214932.5,1930060.6400000001,,https://www.srgoool.com.br/plugin/2016/Brasileirao/Serie-A,ok
2016,341,17,Internacional,internacional,43,38,11,10,17,35,41,-6,102,5,37.7,483010,483010,12121036.0,7974946.91,,https://www.srgoool.com.br/plugin/2016/Brasileirao/Serie-A,ok
2016,341,18,Figueirense,figueirense,37,38,8,13,17,30,50,-20,94,8,32.5,125935,125935,2319195.0,1113834.6600000004,,https://www.srgoool.com.br/plugin/2016/Brasileirao/Serie-A,ok
2016,341,19,Santa Cruz,santa cruz,28,38,8,7,23,45,69,-24,94,6,27.2,186421,153521,3019745.0,1897217.6300000001,,https://www.srgoool.com.br/plugin/2016/Brasileirao/Serie-A,ok
2016,341,20,América Mineiro,america mineiro,28,38,7,7,24,23,58,-35,68,3,24.6,88771,63704,2204325.0,-155030.38000000003,,https://www.srgoool.com.br/plugin/2016/Brasileirao/Serie-A,ok
2017,410,1,Corinthians,corinthians,72,38,21,9,8,50,30,20,84,1,63.2,760142,760142,43774866.699999996,28703360.19,,https://www.srgoool.com.br/plugin/2017/Brasileirao/Serie-A,ok
2017,410,2,Palmeiras,palmeiras,63,38,19,6,13,61,45,16,87,4,55.3,563532,563532,33099802.639999997,22728584.99,,https://www.srgoool.com.br/plugin/2017/Brasileirao/Serie-A,ok
2017,410,3,Santos,santos,63,38,17,12,9,42,32,10,100,4,55.3,220116,220116,7382985.0,2732742.85,,https://www.srgoool.com.br/plugin/2017/Brasileirao/Serie-A,ok
2017,410,4,Grêmio,gremio,62,38,18,8,12,55,36,19,73,2,54.4,380067,374840,13097031.0,10182046.109999998,,https://www.srgoool.com.br/plugin/2017/Brasileirao/Serie-A,ok
2017,410,5,Cruzeiro,cruzeiro,57,38,15,12,11,47,39,8,89,5,50.0,279056,275911,6716871.0,1065417.1300000004,,https://www.srgoool.com.br/plugin/2017/Brasileirao/Serie-A,ok
2017,410,6,Flamengo,flamengo,56,38,15,11,12,49,38,11,78,2,49.1,294683,275323,13276273.0,2027657.1699999995,,https://www.srgoool.com.br/plugin/2017/Brasileirao/Serie-A,ok
2017,410,7,Vasco,vasco,56,38,15,11,12,40,47,-7,107,2,49.1,274698,240501,8944235.0,1886433.47,,https://www.srgoool.com.br/plugin/2017/Brasileirao/Serie-A,ok
2017,410,8,Chapecoense,chapecoense,54,38,15,9,14,47,49,-2,108,2,47.4,182564,182564,5165060.0,3718882.6299999994,,https://www.srgoool.com.br/plugin/2017/Brasileirao/Serie-A,ok
2017,410,9,Atlético Mineiro,atletico mineiro,54,38,14,12,12,52,49,3,109,3,47.4,271651,249904,6338522.0,-527668.8200000001,,https://www.srgoool.com.br/plugin/2017/Brasileirao/Serie-A,ok
2017,410,10,Botafogo,botafogo,53,38,14,11,13,45,42,3,96,2,46.5,205726,193679,4933195.0,-329429.27,,https://www.srgoool.com.br/plugin/2017/Brasileirao/Serie-A,ok
2017,410,11,Athletico Paranaense,athletico paranaense,51,38,14,9,15,45,43,2,80,3,44.7,260911,260911,5732560.0,650571.3599999999,,https://www.srgoool.com.br/plugin/2017/Brasileirao/Serie-A,ok
2017,410,12,Bahia,bahia,50,38,13,11,14,50,48,2,98,7,43.9,422810,409284,10728847.5,5965728.68,,https://www.srgoool.com.br/plugin/2017/Brasileirao/Serie-A,ok
2017,410,13,São Paulo,sao paulo,50,38,13,11,14,48,49,-1,72,4,43.9,722398,669328,17465731.0,10625088.640000002,,https://www.srgoool.com.br/plugin/2017/Brasileirao/Serie-A,ok
2017,410,14,Fluminense,fluminense,47,38,11,14,13,50,53,-3,98,3,41.2,291865,274202,7252060.0,-3308754.52,,https://www.srgoool.com.br/plugin/2017/Brasileirao/Serie-A,ok
2017,410,15,Sport,sport,45,38,12,9,17,46,58,-12,92,4,39.5,234633,234633,4774238.0,2861483.3200000003,,https://www.srgoool.com.br/plugin/2017/Brasileirao/Serie-A,ok
2017,410,16,Vitória,vitoria,43,38,11,10,17,50,58,-8,103,7,37.7,229015,207318,3158315.5,1196440.53,,https://www.srgoool.com.br/plugin/2017/Brasileirao/Serie-A,ok
2017,410,17,Coritiba,coritiba,43,38,11,10,17,42,51,-9,107,5,37.7,272817,272617,6506890.0,1477204.5300000003,,https://www.srgoool.com.br/plugin/2017/Brasileirao/Serie-A,ok
2017,410,18,Avaí,avai,43,38,10,13,15,29,48,-19,85,5,37.7,143793,143793,3836666.0,2390771.0500000003,,https://www.srgoool.com.br/plugin/2017/Brasileirao/Serie-A,ok
2017,410,19,Ponte Preta,ponte preta,39,38,10,9,19,37,52,-15,93,9,34.2,126192,115593,1624048.0,-26830.930000000004,,https://www.srgoool.com.br/plugin/2017/Brasileirao/Serie-A,ok
2017,410,20,Atlético Goianiense,atletico goianiense,36,38,9,9,20,38,56,-18,87,3,31.6,151902,95885,3022690.0,1333452.4800000002,,https://www.srgoool.com.br/plugin/2017/Brasileirao/Serie-A,ok
2018,468,1,Palmeiras,palmeiras,80,38,23,11,4,64,26,38,117,5,70.2,614776,614776,37185554.120000005,23750478.799999997,,https://www.srgoool.com.br/plugin/2018/Brasileirao/Serie-A,ok
2018,468,2,Flamengo,flamengo,72,38,21,9,8,59,29,30,82,10,63.2,909417,895652,25348501.5,3384230.670000001,,https://www.srgoool.com.br/plugin/2018/Brasileirao/Serie-A,ok
2018,468,3,Internacional,internacional,69,38,19,12,7,51,29,22,96,6,60.5,532426,532426,16151399.5,11170592.329999998,,https://www.srgoool.com.br/plugin/2018/Brasileirao/Serie-A,ok
2018,468,4,Grêmio,gremio,66,38,18,12,8,48,27,21,83,1,57.9,423019,423019,14451311.0,11616637.189999998,,https://www.srgoool.com.br/plugin/2018/Brasileirao/Serie-A,ok
2018,468,5,São Paulo,sao paulo,63,38,16,15,7,46,34,12,98,6,55.3,728361,652098,23130264.5,16525681.48,,https://www.srgoool.com.br/plugin/2018/Brasileirao/Serie-A,ok
2018,468,6,Atlético Mineiro,atletico mineiro,59,38,17,8,13,56,43,13,90,3,51.8,344291,327359,5730310.0,3866910.95,,https://www.srgoool.com.br/plugin/2018/Brasileirao/Serie-A,ok
2018,468,7,Athletico Paranaense,athletico paranaense,57,38,16,9,13,54,37,17,88,5,50.0,200832,200832,5054210.0,940496.1099999999,,https://www.srgoool.com.br/plugin/2018/Brasileirao/Serie-A,ok
2018,468,8,Cruzeiro,cruzeiro,53,38,14,11,13,34,34,0,99,2,46.5,261892,256892,6018847.5,2405247.4400000004,,https://www.srgoool.com.br/plugin/2018/Brasileirao/Serie-A,ok
2018,468,9,Botafogo,botafogo,51,38,13,12,13,38,46,-8,90,5,44.7,229417,219824,3273742.5,-3280251.330000001,,https://www.srgoool.com.br/plugin/2018/Brasileirao/Serie-A,ok
2018,468,10,Santos,santos,50,38,13,11,14,46,40,6,88,4,43.9,200939,200939,5417214.0,1070364.67,,https://www.srgoool.com.br/plugin/2018/Brasileirao/Serie-A,ok
2018,468,11,Bahia,bahia,48,38,12,12,14,39,41,-2,85,5,42.1,375444,366991,7252125.5,3184779.77,,https://www.srgoool.com.br/plugin/2018/Brasileirao/Serie-A,ok
2018,468,12,Fluminense,fluminense,45,38,12,9,17,32,46,-14,87,5,39.5,293878,274720,7760832.5,-3533799.4,,https://www.srgoool.com.br/plugin/2018/Brasileirao/Serie-A,ok
2018,468,13,Corinthians,corinthians,44,38,11,11,16,34,35,-1,77,3,38.6,595981,595981,25376680.15,16019081.340000002,,https://www.srgoool.com.br/plugin/2018/Brasileirao/Serie-A,ok
2018,468,14,Chapecoense,chapecoense,44,38,11,11,16,34,50,-16,74,3,38.6,178446,178446,4866815.0,3376733.35,,https://www.srgoool.com.br/plugin/2018/Brasileirao/Serie-A,ok
2018,468,15,Ceará,ceara,44,38,10,14,14,32,38,-6,91,3,38.6,545070,533496,9238633.0,5040321.739999999,,https://www.srgoool.com.br/plugin/2018/Brasileirao/Serie-A,ok
2018,468,16,Vasco,vasco,43,38,10,13,15,41,48,-7,101,9,37.7,300160,282733,9474740.0,921456.78,,https://www.srgoool.com.br/plugin/2018/Brasileirao/Serie-A,ok
2018,468,17,América Mineiro,america mineiro,40,38,10,10,18,30,47,-17,84,8,35.1,125585,93057,1105212.0,-1031179.6800000002,,https://www.srgoool.com.br/plugin/2018/Brasileirao/Serie-A,ok
2018,468,18,Sport,sport,39,38,11,9,18,35,57,-22,78,4,36.8,217137,217137,3881225.0,2090974.8699999996,,https://www.srgoool.com.br/plugin/2018/Brasileirao/Serie-A,ok
2018,468,19,Vitória,vitoria,37,38,9,10,19,36,63,-27,108,7,32.5,198391,174455,1831619.0,518631.24,,https://www.srgoool.com.br/plugin/2018/Brasileirao/Serie-A,ok
2018,468,20,Paraná,parana,23,38,4,11,23,18,57,-39,98,9,20.2,118236,118236,4716505.0,2385122.09,,https://www.srgoool.com.br/plugin/2018/Brasileirao/Serie-A,ok
2019,566,1,Flamengo,flamengo,90,38,28,6,4,86,37,49,90,3,78.9,1057660,1045477,53475752.7,26262073.569999993,,https://www.srgoool.com.br/plugin/2019/Brasileirao/Serie-A,ok
2019,566,2,Santos,santos,74,38,22,8,8,60,33,27,110,12,64.9,195860,195830,7425067.5,3194826.4600000004,,https://www.srgoool.com.br/plugin/2019/Brasileirao/Serie-A,ok
2019,566,3,Palmeiras,palmeiras,74,38,21,11,6,61,32,29,78,5,64.9,531899,531269,29510234.200000003,17795079.509999998,,https://www.srgoool.com.br/plugin/2019/Brasileirao/Serie-A,ok
2019,566,4,Grêmio,gremio,65,38,19,8,11,64,39,25,80,2,57.0,339690,316309,11523137.0,8619869.61,,https://www.srgoool.com.br/plugin/2019/Brasileirao/Serie-A,ok
2019,566,5,Athletico Paranaense,athletico paranaense,64,38,18,10,10,51,32,19,83,2,56.1,287182,287182,8047985.0,2915156.66,,https://www.srgoool.com.br/plugin/2019/Brasileirao/Serie-A,ok
2019,566,6,São Paulo,sao paulo,63,38,17,12,9,39,30,9,87,7,55.3,559203,559203,23997819.0,15919808.909999998,,https://www.srgoool.com.br/plugin/2019/Brasileirao/Serie-A,ok
2019,566,7,Internacional,internacional,57,38,16,9,13,44,39,5,98,3,50.0,376664,376664,15053367.0,10295865.840000002,,https://www.srgoool.com.br/plugin/2019/Brasileirao/Serie-A,ok
2019,566,8,Corinthians,corinthians,56,38,14,14,10,42,34,8,72,2,49.1,625071,624261,31554927.44,19550991.799999997,,https://www.srgoool.com.br/plugin/2019/Brasileirao/Serie-A,ok
2019,566,9,Fortaleza,fortaleza,53,38,15,8,15,50,49,1,84,13,46.5,646748,626996,9109310.0,2951404.0999999996,,https://www.srgoool.com.br/plugin/2019/Brasileirao/Serie-A,ok
2019,566,10,Goiás,goias,52,38,15,7,16,46,64,-18,86,7,45.6,257414,256625,7951155.0,5097745.83,,https://www.srgoool.com.br/plugin/2019/Brasileirao/Serie-A,ok
2019,566,11,Bahia,bahia,49,38,12,13,13,44,43,1,65,6,43.0,511166,500439,9798807.5,4121769.3300000015,,https://www.srgoool.com.br/plugin/2019/Brasileirao/Serie-A,ok
2019,566,12,Vasco,vasco,49,38,12,13,13,39,45,-6,105,5,43.0,406412,388523,17760191.0,5920739.849999999,,https://www.srgoool.com.br/plugin/2019/Brasileirao/Serie-A,ok
2019,566,13,Atlético Mineiro,atletico mineiro,48,38,13,9,16,45,49,-4,69,5,42.1,314720,289861,4919172.0,-397588.2200000001,,https://www.srgoool.com.br/plugin/2019/Brasileirao/Serie-A,ok
2019,566,14,Fluminense,fluminense,46,38,12,10,16,38,46,-8,87,12,40.4,429250,383977,9791060.0,-1743173.1400000001,,https://www.srgoool.com.br/plugin/2019/Brasileirao/Serie-A,ok
2019,566,15,Botafogo,botafogo,43,38,13,4,21,31,45,-14,94,3,37.7,315322,302512,7983690.7,-1421040.02,,https://www.srgoool.com.br/plugin/2019/Brasileirao/Serie-A,ok
2019,566,16,Ceará,ceara,39,38,10,9,19,36,41,-5,85,3,34.2,497995,494191,8215299.0,2773419.840000001,,https://www.srgoool.com.br/plugin/2019/Brasileirao/Serie-A,ok
2019,566,17,Cruzeiro,cruzeiro,36,38,7,15,16,27,46,-19,81,6,31.6,435766,426335,7452769.5,1218657.07,,https://www.srgoool.com.br/plugin/2019/Brasileirao/Serie-A,ok
2019,566,18,CSA,csa,32,38,8,8,22,24,58,-34,90,4,28.1,203539,203419,6730566.0,3521519.22,,https://www.srgoool.com.br/plugin/2019/Brasileirao/Serie-A,ok
2019,566,19,Chapecoense,chapecoense,32,38,7,11,20,31,52,-21,80,6,28.1,114071,114071,4562352.5,1372421.2300000002,,https://www.srgoool.com.br/plugin/2019/Brasileirao/Serie-A,ok
2019,566,20,Avaí,avai,20,38,3,11,24,18,62,-44,79,10,17.5,146384,146384,7017940.9,422893.09,,https://www.srgoool.com.br/plugin/2019/Brasileirao/Serie-A,ok
2020,633,1,Flamengo,flamengo,71,38,21,8,9,68,48,20,90,4,62.3,0,0,0.0,0.0,,https://www.srgoool.com.br/plugin/2020/Brasileirao/Serie-A,ok
2020,633,2,Internacional,internacional,70,38,20,10,8,61,35,26,91,9,61.4,0,0,0.0,0.0,,https://www.srgoool.com.br/plugin/2020/Brasileirao/Serie-A,ok
2020,633,3,Atlético Mineiro,atletico mineiro,68,38,20,8,10,64,45,19,72,6,59.6,0,0,0.0,0.0,,https://www.srgoool.com.br/plugin/2020/Brasileirao/Serie-A,ok
2020,633,4,São Paulo,sao paulo,66,38,18,12,8,59,41,18,95,2,57.9,0,0,0.0,0.0,,https://www.srgoool.com.br/plugin/2020/Brasileirao/Serie-A,ok
2020,633,5,Fluminense,fluminense,64,38,18,10,10,55,42,13,85,5,56.1,0,0,0.0,0.0,,https://www.srgoool.com.br/plugin/2020/Brasileirao/Serie-A,ok
2020,633,6,Grêmio,gremio,59,38,14,17,7,53,40,13,70,8,51.8,0,0,0.0,0.0,,https://www.srgoool.com.br/plugin/2020/Brasileirao/Serie-A,ok
2020,633,7,Palmeiras,palmeiras,58,38,15,13,10,51,37,14,96,5,50.9,0,0,0.0,0.0,,https://www.srgoool.com.br/plugin/2020/Brasileirao/Serie-A,ok
2020,633,8,Santos,santos,54,38,14,12,12,52,51,1,87,6,47.4,0,0,0.0,0.0,,https://www.srgoool.com.br/plugin/2020/Brasileirao/Serie-A,ok
2020,633,9,Athletico Paranaense,athletico paranaense,53,38,15,8,15,38,36,2,82,5,46.5,0,0,0.0,0.0,,https://www.srgoool.com.br/plugin/2020/Brasileirao/Serie-A,ok
2020,633,10,Bragantino,bragantino,53,38,13,14,11,50,40,10,81,4,46.5,0,0,0.0,0.0,,https://www.srgoool.com.br/plugin/2020/Brasileirao/Serie-A,ok
2020,633,11,Ceará,ceara,52,38,14,10,14,54,51,3,91,10,45.6,0,0,0.0,0.0,,https://www.srgoool.com.br/plugin/2020/Brasileirao/Serie-A,ok
2020,633,12,Corinthians,corinthians,51,38,13,12,13,45,45,0,83,10,44.7,0,0,0.0,0.0,,https://www.srgoool.com.br/plugin/2020/Brasileirao/Serie-A,ok
2020,633,13,Atlético Goianiense,atletico goianiense,50,38,12,14,12,40,45,-5,82,6,43.9,0,0,0.0,0.0,,https://www.srgoool.com.br/plugin/2020/Brasileirao/Serie-A,ok
2020,633,14,Bahia,bahia,44,38,12,8,18,48,59,-11,87,8,38.6,0,0,0.0,0.0,,https://www.srgoool.com.br/plugin/2020/Brasileirao/Serie-A,ok
2020,633,15,Sport,sport,42,38,12,6,20,31,50,-19,98,7,36.8,0,0,0.0,0.0,,https://www.srgoool.com.br/plugin/2020/Brasileirao/Serie-A,ok
2020,633,16,Fortaleza,fortaleza,41,38,10,11,17,34,44,-10,81,11,36.0,0,0,0.0,0.0,,https://www.srgoool.com.br/plugin/2020/Brasileirao/Serie-A,ok
2020,633,17,Vasco,vasco,41,38,10,11,17,37,56,-19,87,7,36.0,0,0,0.0,0.0,,https://www.srgoool.com.br/plugin/2020/Brasileirao/Serie-A,ok
2020,633,18,Goiás,goias,37,38,9,10,19,41,63,-22,117,6,32.5,0,0,0.0,0.0,,https://www.srgoool.com.br/plugin/2020/Brasileirao/Serie-A,ok
2020,633,19,Coritiba,coritiba,31,38,7,10,21,31,54,-23,82,8,27.2,0,0,0.0,0.0,,https://www.srgoool.com.br/plugin/2020/Brasileirao/Serie-A,ok
2020,633,20,Botafogo,botafogo,27,38,5,12,21,32,62,-30,72,6,23.7,0,0,0.0,0.0,,https://www.srgoool.com.br/plugin/2020/Brasileirao/Serie-A,ok
2021,709,1,Atlético Mineiro,atletico mineiro,84,38,26,6,6,67,34,33,82,4,73.7,368693,368693,29982020.05,22252215.98,,https://www.srgoool.com.br/plugin/2021/Brasileirao/Serie-A,ok
2021,709,2,Flamengo,flamengo,71,38,21,8,9,69,36,33,82,4,62.3,220911,207090,8510730.0,935159.3799999999,,https://www.srgoool.com.br/plugin/2021/Brasileirao/Serie-A,ok
2021,709,3,Palmeiras,palmeiras,66,38,20,6,12,58,43,15,85,11,57.9,111145,111145,6719750.48,4021150.02,,https://www.srgoool.com.br/plugin/2021/Brasileirao/Serie-A,ok
2021,709,4,Fortaleza,fortaleza,58,38,17,7,14,44,45,-1,95,7,50.9,176307,176307,3656143.0,1378992.06,,https://www.srgoool.com.br/plugin/2021/Brasileirao/Serie-A,ok
2021,709,5,Corinthians,corinthians,57,38,15,12,11,40,36,4,61,3,50.0,261299,261299,14579192.7,8554192.44,,https://www.srgoool.com.br/plugin/2021/Brasileirao/Serie-A,ok
2021,709,6,Bragantino,bragantino,56,38,14,14,10,55,46,9,95,3,49.1,20646,20646,553815.0,-242504.30999999997,,https://www.srgoool.com.br/plugin/2021/Brasileirao/Serie-A,ok
2021,709,7,Fluminense,fluminense,54,38,15,9,14,38,38,0,91,4,47.4,124604,104309,3711567.5,-1464352.1299999997,,https://www.srgoool.com.br/plugin/2021/Brasileirao/Serie-A,ok
2021,709,8,América Mineiro,america mineiro,53,38,13,14,11,41,37,4,66,1,46.5,11428,11428,232037.5,-359116.61000000004,,https://www.srgoool.com.br/plugin/2021/Brasileirao/Serie-A,ok
2021,709,9,Atlético Goianiense,atletico goianiense,53,38,13,14,11,33,36,-3,96,7,46.5,38949,38949,619115.0,274505.95999999996,,https://www.srgoool.com.br/plugin/2021/Brasileirao/Serie-A,ok
2021,709,10,Santos,santos,50,38,12,14,12,35,40,-5,103,4,43.9,75710,75710,1399720.0,2315.8800000000083,,https://www.srgoool.com.br/plugin/2021/Brasileirao/Serie-A,ok
2021,709,11,Ceará,ceara,50,38,11,17,10,39,38,1,90,5,43.9,150002,150002,2317687.0,630590.1699999999,,https://www.srgoool.com.br/plugin/2021/Brasileirao/Serie-A,ok
2021,709,12,Internacional,internacional,48,38,12,12,14,44,42,2,106,11,42.1,109764,109764,5599923.0,3948385.4899999998,,https://www.srgoool.com.br/plugin/2021/Brasileirao/Serie-A,ok
2021,709,13,São Paulo,sao paulo,48,38,11,15,12,31,39,-8,100,7,42.1,225908,225908,8459559.0,5395040.290000001,,https://www.srgoool.com.br/plugin/2021/Brasileirao/Serie-A,ok
2021,709,14,Athletico Paranaense,athletico paranaense,47,38,13,8,17,41,45,-4,87,5,41.2,77198,77198,2307480.0,695125.25,,https://www.srgoool.com.br/plugin/2021/Brasileirao/Serie-A,ok
2021,709,15,Cuiabá,cuiaba,47,38,10,17,11,34,37,-3,84,7,41.2,71456,71456,3397690.15,1815747.2399999998,,https://www.srgoool.com.br/plugin/2021/Brasileirao/Serie-A,ok
2021,709,16,Juventude,juventude,46,38,11,13,14,36,44,-8,93,4,40.4,43524,43524,1161430.0,663664.72,,https://www.srgoool.com.br/plugin/2021/Brasileirao/Serie-A,ok
2021,709,17,Grêmio,gremio,43,38,12,7,19,44,51,-7,110,7,37.7,80748,80748,3326698.0,2096741.81,,https://www.srgoool.com.br/plugin/2021/Brasileirao/Serie-A,ok
2021,709,18,Bahia,bahia,43,38,11,10,17,42,51,-9,94,5,37.7,148110,146833,3013284.0,1209353.42,,https://www.srgoool.com.br/plugin/2021/Brasileirao/Serie-A,ok
2021,709,19,Sport,sport,38,38,9,11,18,24,37,-13,94,5,33.3,31640,31640,1294215.0,965928.06,,https://www.srgoool.com.br/plugin/2021/Brasileirao/Serie-A,ok
2021,709,20,Chapecoense,chapecoense,15,38,1,12,25,27,67,-40,82,10,13.2,13911,13911,524477.5,-156769.95,,https://www.srgoool.com.br/plugin/2021/Brasileirao/Serie-A,ok
2022,821,1,Palmeiras,palmeiras,81,38,23,12,3,66,27,39,84,6,71.1,682910,682910,45421019.56,33720379.96,,https://www.srgoool.com.br/plugin/2022/Brasileirao/Serie-A,ok
2022,821,2,Internacional,internacional,73,38,20,13,5,58,31,27,94,5,64.0,435144,435144,20329302.0,15192900.360000001,,https://www.srgoool.com.br/plugin/2022/Brasileirao/Serie-A,ok
2022,821,3,Fluminense,fluminense,70,38,21,7,10,63,41,22,85,11,61.4,632899,536987,16859882.5,552827.1100000001,,https://www.srgoool.com.br/plugin/2022/Brasileirao/Serie-A,ok
2022,821,4,Corinthians,corinthians,65,38,18,11,9,44,36,8,84,6,57.0,736636,736636,46369062.25,29128077.229999997,,https://www.srgoool.com.br/plugin/2022/Brasileirao/Serie-A,ok
2022,821,5,Flamengo,flamengo,62,38,18,8,12,60,39,21,83,4,54.4,1007500,983381,47704419.0,20936993.539999995,,https://www.srgoool.com.br/plugin/2022/Brasileirao/Serie-A,ok
2022,821,6,Athletico Paranaense,athletico paranaense,58,38,16,10,12,48,48,0,95,4,50.9,355021,355021,10222210.0,2537238.54,,https://www.srgoool.com.br/plugin/2022/Brasileirao/Serie-A,ok
2022,821,7,Atlético Mineiro,atletico mineiro,58,38,15,13,10,45,37,8,94,3,50.9,485984,485984,19168137.49,9289860.9,,https://www.srgoool.com.br/plugin/2022/Brasileirao/Serie-A,ok
2022,821,8,Fortaleza,fortaleza,55,38,15,10,13,46,39,7,88,8,48.2,626267,626267,11043596.0,3920794.4399999995,,https://www.srgoool.com.br/plugin/2022/Brasileirao/Serie-A,ok
2022,821,9,São Paulo,sao paulo,54,38,13,15,10,55,42,13,102,9,47.4,572517,572517,25534769.0,17170537.580000002,,https://www.srgoool.com.br/plugin/2022/Brasileirao/Serie-A,ok
2022,821,10,América Mineiro,america mineiro,53,38,15,8,15,40,40,0,88,5,46.5,48405,48405,2171957.6,108104.96000000002,,https://www.srgoool.com.br/plugin/2022/Brasileirao/Serie-A,ok
2022,821,11,Botafogo,botafogo,53,38,15,8,15,41,43,-2,99,6,46.5,539682,362236,10689768.0,2041661.05,,https://www.srgoool.com.br/plugin/2022/Brasileirao/Serie-A,ok
2022,821,12,Santos,santos,47,38,12,11,15,44,41,3,102,7,41.2,225046,225046,8186393.75,3141768.34,,https://www.srgoool.com.br/plugin/2022/Brasileirao/Serie-A,ok
2022,821,13,Goiás,goias,46,38,11,13,14,40,53,-13,117,8,40.4,168048,168048,4313735.0,2715342.89,,https://www.srgoool.com.br/plugin/2022/Brasileirao/Serie-A,ok
2022,821,14,Bragantino,bragantino,44,38,11,11,16,49,59,-10,93,7,38.6,90607,90607,2494755.0,-174925.07,,https://www.srgoool.com.br/plugin/2022/Brasileirao/Serie-A,ok
2022,821,15,Coritiba,coritiba,42,38,12,6,20,39,60,-21,113,12,36.8,391549,391549,7982720.0,-156183.1,,https://www.srgoool.com.br/plugin/2022/Brasileirao/Serie-A,ok
2022,821,16,Cuiabá,cuiaba,41,38,10,11,17,31,42,-11,82,11,36.0,241396,241396,12055730.02,7753298.6400000015,,https://www.srgoool.com.br/plugin/2022/Brasileirao/Serie-A,ok
2022,821,17,Ceará,ceara,37,38,7,16,15,34,41,-7,127,10,32.5,525085,518006,8047354.0,2803667.67,,https://www.srgoool.com.br/plugin/2022/Brasileirao/Serie-A,ok
2022,821,18,Atlético Goianiense,atletico goianiense,36,38,8,12,18,39,57,-18,104,9,31.6,119488,119486,4080150.0,2877686.57,,https://www.srgoool.com.br/plugin/2022/Brasileirao/Serie-A,ok
2022,821,19,Avaí,avai,35,38,9,8,21,34,60,-26,102,4,30.7,153821,153821,6028794.0,866125.61,,https://www.srgoool.com.br/plugin/2022/Brasileirao/Serie-A,ok
2022,821,20,Juventude,juventude,22,38,3,13,22,29,69,-40,112,8,19.3,63010,63010,2205965.0,753826.01,,https://www.srgoool.com.br/plugin/2022/Brasileirao/Serie-A,ok
2023,967,1,Palmeiras,palmeiras,70,38,20,10,8,64,33,31,101,7,61.4,630174,630174,45913023.53000001,31963411.159999996,,https://www.srgoool.com.br/plugin/2023/Brasileirao/Serie-A,ok
2023,967,2,Grêmio,gremio,68,38,21,5,12,63,56,7,98,6,59.6,596319,596319,41833455.0,32105218.22,,https://www.srgoool.com.br/plugin/2023/Brasileirao/Serie-A,ok
2023,967,3,Atlético Mineiro,atletico mineiro,66,38,19,9,10,52,32,20,115,7,57.9,531801,531801,31257993.049999997,15798162.13,,https://www.srgoool.com.br/plugin/2023/Brasileirao/Serie-A,ok
2023,967,4,Flamengo,flamengo,66,38,19,9,10,56,42,14,89,5,57.9,1052782,1035482,69555166.5,31758440.95,,https://www.srgoool.com.br/plugin/2023/Brasileirao/Serie-A,ok
2023,967,5,Botafogo,botafogo,64,38,18,10,10,58,37,21,95,8,56.1,577582,507130,24140293.0,3856245.59,,https://www.srgoool.com.br/plugin/2023/Brasileirao/Serie-A,ok
2023,967,6,Bragantino,bragantino,62,38,17,11,10,49,35,14,110,7,54.4,114870,114870,4413725.0,619835.4700000001,,https://www.srgoool.com.br/plugin/2023/Brasileirao/Serie-A,ok
2023,967,7,Fluminense,fluminense,56,38,16,8,14,51,47,4,130,12,49.1,724868,565877,25904767.5,4655594.26,,https://www.srgoool.com.br/plugin/2023/Brasileirao/Serie-A,ok
2023,967,8,Athletico Paranaense,athletico paranaense,56,38,14,14,10,51,43,8,113,4,49.1,423374,423374,18560780.0,5616820.869999998,,https://www.srgoool.com.br/plugin/2023/Brasileirao/Serie-A,ok
2023,967,9,Internacional,internacional,55,38,15,10,13,46,45,1,113,6,48.2,519185,519185,23306620.0,16972350.750000004,,https://www.srgoool.com.br/plugin/2023/Brasileirao/Serie-A,ok
2023,967,10,Fortaleza,fortaleza,54,38,15,9,14,45,44,1,100,2,47.4,622949,622949,10722226.0,3534910.1500000004,,https://www.srgoool.com.br/plugin/2023/Brasileirao/Serie-A,ok
2023,967,11,São Paulo,sao paulo,53,38,14,11,13,40,38,2,107,7,46.5,832196,832196,47780667.5,35174601.190000005,,https://www.srgoool.com.br/plugin/2023/Brasileirao/Serie-A,ok
2023,967,12,Cuiabá,cuiaba,51,38,14,9,15,40,39,1,100,4,44.7,279319,279319,14867405.0,8440936.569999998,,https://www.srgoool.com.br/plugin/2023/Brasileirao/Serie-A,ok
2023,967,13,Corinthians,corinthians,50,38,12,14,12,47,48,-1,95,3,43.9,691073,691073,42912860.269999996,25062067.27,,https://www.srgoool.com.br/plugin/2023/Brasileirao/Serie-A,ok
2023,967,14,Cruzeiro,cruzeiro,47,38,11,14,13,35,32,3,101,6,41.2,527528,527528,25853519.75,15994075.530000003,,https://www.srgoool.com.br/plugin/2023/Brasileirao/Serie-A,ok
2023,967,15,Vasco,vasco,45,38,12,9,17,41,51,-10,104,8,39.5,415430,395202,21532121.0,6635141.77,,https://www.srgoool.com.br/plugin/2023/Brasileirao/Serie-A,ok
2023,967,16,Bahia,bahia,44,38,12,8,18,50,53,-3,96,8,38.6,693127,693127,22585416.520000003,11761172.339999998,,https://www.srgoool.com.br/plugin/2023/Brasileirao/Serie-A,ok
2023,967,17,Santos,santos,43,38,11,10,17,39,64,-25,102,9,37.7,182206,182206,8369552.5,2599883.0300000003,,https://www.srgoool.com.br/plugin/2023/Brasileirao/Serie-A,ok
2023,967,18,Goiás,goias,38,38,9,11,18,36,53,-17,109,8,33.3,146257,146257,5045215.0,2955827.86,,https://www.srgoool.com.br/plugin/2023/Brasileirao/Serie-A,ok
2023,967,19,Coritiba,coritiba,30,38,8,6,24,41,73,-32,120,8,26.3,364917,364917,11961675.0,637923.7,,https://www.srgoool.com.br/plugin/2023/Brasileirao/Serie-A,ok
2023,967,20,América Mineiro,america mineiro,24,38,5,9,24,42,81,-39,86,11,21.1,93750,93750,7342345.5,4189753.43,,https://www.srgoool.com.br/plugin/2023/Brasileirao/Serie-A,ok
2024,1120,1,Botafogo,botafogo,79,38,23,10,5,59,29,30,107,7,69.3,552530,489731,33948078.0,7002636.380000001,,https://www.srgoool.com.br/plugin/2024/Brasileirao/Serie-A,ok
2024,1120,2,Palmeiras,palmeiras,73,38,22,7,9,60,33,27,106,8,64.0,595237,595237,49509850.93000001,33913696.88,,https://www.srgoool.com.br/plugin/2024/Brasileirao/Serie-A,ok
2024,1120,3,Flamengo,flamengo,70,38,20,10,8,61,42,19,75,4,61.4,992993,970602,59579263.5,21910628.85,,https://www.srgoool.com.br/plugin/2024/Brasileirao/Serie-A,ok
2024,1120,4,Fortaleza,fortaleza,68,38,19,11,8,53,39,14,107,10,59.6,591382,591382,12874175.0,3618889.97,,https://www.srgoool.com.br/plugin/2024/Brasileirao/Serie-A,ok
2024,1120,5,Internacional,internacional,65,38,18,11,9,53,36,17,103,6,57.0,585584,585584,28906272.5,22128254.759999998,,https://www.srgoool.com.br/plugin/2024/Brasileirao/Serie-A,ok
2024,1120,6,São Paulo,sao paulo,59,38,17,8,13,53,43,10,111,7,51.8,758157,758157,45198850.5,29990582.649999995,,https://www.srgoool.com.br/plugin/2024/Brasileirao/Serie-A,ok
2024,1120,7,Corinthians,corinthians,56,38,15,11,12,54,45,9,116,10,49.1,828501,828501,48476459.5,26754204.569999997,,https://www.srgoool.com.br/plugin/2024/Brasileirao/Serie-A,ok
2024,1120,8,Bahia,bahia,53,38,15,8,15,49,49,0,86,1,46.5,684409,684409,24226601.32,9793849.540000001,,https://www.srgoool.com.br/plugin/2024/Brasileirao/Serie-A,ok
2024,1120,9,Cruzeiro,cruzeiro,52,38,14,10,14,43,41,2,100,8,45.6,540511,540511,26914666.85,15683567.43,,https://www.srgoool.com.br/plugin/2024/Brasileirao/Serie-A,ok
2024,1120,10,Vasco,vasco,50,38,14,8,16,43,56,-13,94,7,43.9,404164,384719,25055697.0,6271387.779999999,,https://www.srgoool.com.br/plugin/2024/Brasileirao/Serie-A,ok
2024,1120,11,Vitória,vitoria,47,38,13,8,17,45,52,-7,110,7,41.2,441731,441731,12229085.0,4764000.970000001,,https://www.srgoool.com.br/plugin/2024/Brasileirao/Serie-A,ok
2024,1120,12,Atlético Mineiro,atletico mineiro,47,38,11,14,13,47,54,-7,109,14,41.2,463380,463380,28839348.479999997,19161255.589999996,,https://www.srgoool.com.br/plugin/2024/Brasileirao/Serie-A,ok
2024,1120,13,Fluminense,fluminense,46,38,12,10,16,33,39,-6,118,13,40.4,738270,611240,25519499.0,648363.6100000003,,https://www.srgoool.com.br/plugin/2024/Brasileirao/Serie-A,ok
2024,1120,14,Grêmio,gremio,45,38,12,9,17,44,50,-6,93,8,39.5,387680,386556,24562866.0,16540811.160000004,,https://www.srgoool.com.br/plugin/2024/Brasileirao/Serie-A,ok
2024,1120,15,Juventude,juventude,45,38,11,12,15,48,59,-11,106,14,39.5,164750,164750,9009682.0,6109479.420000001,,https://www.srgoool.com.br/plugin/2024/Brasileirao/Serie-A,ok
2024,1120,16,Bragantino,bragantino,44,38,10,14,14,44,48,-4,109,7,38.6,113746,113746,4851305.0,1389761.1500000001,,https://www.srgoool.com.br/plugin/2024/Brasileirao/Serie-A,ok
2024,1120,17,Athletico Paranaense,athletico paranaense,42,38,11,9,18,40,46,-6,98,10,36.8,575957,575957,20925900.0,15849283.180000002,,https://www.srgoool.com.br/plugin/2024/Brasileirao/Serie-A,ok
2024,1120,18,Criciúma,criciuma,38,38,9,11,18,42,61,-19,98,6,33.3,259676,259676,11957020.0,-1376071.6400000001,,https://www.srgoool.com.br/plugin/2024/Brasileirao/Serie-A,ok
2024,1120,19,Atlético Goianiense,atletico goianiense,30,38,7,9,22,29,58,-29,105,14,26.3,136189,136189,9383950.0,7144657.939999999,,https://www.srgoool.com.br/plugin/2024/Brasileirao/Serie-A,ok
2024,1120,20,Cuiabá,cuiaba,30,38,6,12,20,29,49,-20,118,2,26.3,108916,108916,8512665.05,3779456.5300000003,,https://www.srgoool.com.br/plugin/2024/Brasileirao/Serie-A,ok
2025,1182,1,Flamengo,flamengo,79,38,23,10,5,78,27,51,78,5,69.3,1131351,1112519,81773984.0,47014391.76,,https://www.srgoool.com.br/plugin/2025/Brasileirao/Serie-A,ok
2025,1182,2,Palmeiras,palmeiras,76,38,23,7,8,66,33,33,86,8,66.7,663772,663772,47680680.99999999,31581482.86,,https://www.srgoool.com.br/plugin/2025/Brasileirao/Serie-A,ok
2025,1182,3,Cruzeiro,cruzeiro,70,38,19,13,6,55,31,24,105,5,61.4,762999,762999,44959741.96,37012254.37,,https://www.srgoool.com.br/plugin/2025/Brasileirao/Serie-A,ok
2025,1182,4,Mirassol,mirassol,67,38,18,13,7,63,39,24,93,3,58.8,119444,119444,7427960.0,3705936.5600000005,,https://www.srgoool.com.br/plugin/2025/Brasileirao/Serie-A,ok
2025,1182,5,Fluminense,fluminense,64,38,19,7,12,50,39,11,82,5,56.1,577676,507761,24651439.5,7630453.0600000005,,https://www.srgoool.com.br/plugin/2025/Brasileirao/Serie-A,ok
2025,1182,6,Botafogo,botafogo,63,38,17,12,9,58,38,20,93,6,55.3,357662,280677,15519520.0,-1754387.3,,https://www.srgoool.com.br/plugin/2025/Brasileirao/Serie-A,ok
2025,1182,7,Bahia,bahia,60,38,17,9,12,50,46,4,86,6,52.6,725039,725039,26505687.0,8932411.48,,https://www.srgoool.com.br/plugin/2025/Brasileirao/Serie-A,ok
2025,1182,8,São Paulo,sao paulo,51,38,14,9,15,43,47,-4,102,6,44.7,544420,544420,28598317.5,15859213.440000001,,https://www.srgoool.com.br/plugin/2025/Brasileirao/Serie-A,ok
2025,1182,9,Grêmio,gremio,49,38,13,10,15,47,50,-3,111,6,43.0,484785,484785,26960631.0,18603419.239999995,,https://www.srgoool.com.br/plugin/2025/Brasileirao/Serie-A,ok
2025,1182,10,Bragantino,bragantino,48,38,14,6,18,45,57,-12,114,4,42.1,93413,93413,3494345.0,-1073715.85,,https://www.srgoool.com.br/plugin/2025/Brasileirao/Serie-A,ok
2025,1182,11,Atlético Mineiro,atletico mineiro,48,38,12,12,14,43,44,-1,96,9,42.1,457655,457655,24078786.160000004,10769923.249999998,,https://www.srgoool.com.br/plugin/2025/Brasileirao/Serie-A,ok
2025,1182,12,Santos,santos,47,38,12,11,15,45,50,-5,92,4,41.2,323216,323216,21513965.04,8474013.640000002,,https://www.srgoool.com.br/plugin/2025/Brasileirao/Serie-A,ok
2025,1182,13,Corinthians,corinthians,47,38,12,11,15,42,47,-5,110,9,41.2,758737,758737,54079722.4,30550453.55,,https://www.srgoool.com.br/plugin/2025/Brasileirao/Serie-A,ok
2025,1182,14,Vasco,vasco,45,38,13,6,19,55,60,-5,79,6,39.5,418426,407943,30996515.5,14039395.759999998,,https://www.srgoool.com.br/plugin/2025/Brasileirao/Serie-A,ok
2025,1182,15,Vitória,vitoria,45,38,11,12,15,35,52,-17,109,9,39.5,420730,420730,11116695.0,2834748.8299999996,,https://www.srgoool.com.br/plugin/2025/Brasileirao/Serie-A,ok
2025,1182,16,Internacional,internacional,44,38,11,11,16,44,57,-13,90,7,38.6,462940,462940,21838754.62,15099842.760000002,,https://www.srgoool.com.br/plugin/2025/Brasileirao/Serie-A,ok
2025,1182,17,Ceará,ceara,43,38,11,10,17,34,40,-6,89,4,37.7,659337,659337,13693446.0,4593016.77,,https://www.srgoool.com.br/plugin/2025/Brasileirao/Serie-A,ok
2025,1182,18,Fortaleza,fortaleza,43,38,11,10,17,43,58,-15,108,10,37.7,501420,501420,11081455.0,3473877.7800000003,,https://www.srgoool.com.br/plugin/2025/Brasileirao/Serie-A,ok
2025,1182,19,Juventude,juventude,35,38,9,8,21,35,69,-34,110,7,30.7,153139,153139,8686712.0,6190578.320000001,,https://www.srgoool.com.br/plugin/2025/Brasileirao/Serie-A,ok
2025,1182,20,Sport,sport,17,38,2,11,25,28,75,-47,98,4,14.9,266062,266062,13406860.0,6164731.370000002,,https://www.srgoool.com.br/plugin/2025/Brasileirao/Serie-A,ok
2026,1243,1,Palmeiras,palmeiras,41,18,12,5,1,30,13,17,40,4,75.9,242588,242588,17312130.47,10722261.900000002,,https://www.srgoool.com.br/plugin/2026/Brasileirao/Serie-A,ok
2026,1243,2,Flamengo,flamengo,34,17,10,4,3,31,16,15,41,6,66.7,462556,456335,37794105.0,22048868.240000002,,https://www.srgoool.com.br/plugin/2026/Brasileirao/Serie-A,ok
2026,1243,3,Fluminense,fluminense,31,18,9,4,5,28,23,5,50,2,57.4,244814,209514,11862803.5,2483219.4300000006,,https://www.srgoool.com.br/plugin/2026/Brasileirao/Serie-A,ok
2026,1243,4,Athletico Paranaense,athletico paranaense,30,18,9,3,6,24,18,6,45,2,55.6,244815,244815,12708900.0,10626724.139999999,,https://www.srgoool.com.br/plugin/2026/Brasileirao/Serie-A,ok
2026,1243,5,Bragantino,bragantino,29,18,9,2,7,25,19,6,53,2,53.7,38660,38660,1659565.0,-593866.38,,https://www.srgoool.com.br/plugin/2026/Brasileirao/Serie-A,ok
2026,1243,6,Bahia,bahia,26,17,7,5,5,25,23,2,45,3,51.0,300206,300206,9632026.3,3374315.9699999997,,https://www.srgoool.com.br/plugin/2026/Brasileirao/Serie-A,ok
2026,1243,7,Coritiba,coritiba,26,18,7,5,6,24,24,0,34,8,48.1,191799,191799,7860216.0,5053284.1,,https://www.srgoool.com.br/plugin/2026/Brasileirao/Serie-A,ok
2026,1243,8,São Paulo,sao paulo,25,18,7,4,7,23,20,3,44,2,46.3,199815,199815,11294988.0,6614103.53,,https://www.srgoool.com.br/plugin/2026/Brasileirao/Serie-A,ok
2026,1243,9,Atlético Mineiro,atletico mineiro,24,18,7,3,8,22,23,-1,28,4,44.4,182337,182337,9191525.68,4060878.41,,https://www.srgoool.com.br/plugin/2026/Brasileirao/Serie-A,ok
2026,1243,10,Corinthians,corinthians,24,18,6,6,6,18,19,-1,48,7,44.4,315683,315683,23343579.799999997,14183463.97,,https://www.srgoool.com.br/plugin/2026/Brasileirao/Serie-A,ok
2026,1243,11,Cruzeiro,cruzeiro,24,18,6,6,6,24,28,-4,41,4,44.4,278560,278560,16929478.0,14877039.84,,https://www.srgoool.com.br/plugin/2026/Brasileirao/Serie-A,ok
2026,1243,12,Botafogo,botafogo,22,17,6,4,7,31,31,0,54,3,43.1,110122,98670,5024211.0,327105.51,,https://www.srgoool.com.br/plugin/2026/Brasileirao/Serie-A,ok
2026,1243,13,Vitória,vitoria,22,17,6,4,7,21,25,-4,46,1,43.1,160002,160002,4321453.0,877513.8799999999,,https://www.srgoool.com.br/plugin/2026/Brasileirao/Serie-A,ok
2026,1243,14,Internacional,internacional,21,18,5,6,7,21,22,-1,50,1,38.9,197438,197438,10249968.0,7326730.350000001,,https://www.srgoool.com.br/plugin/2026/Brasileirao/Serie-A,ok
2026,1243,15,Santos,santos,21,18,5,6,7,26,29,-3,54,8,38.9,145669,145669,9642797.530000001,4353316.399999999,,https://www.srgoool.com.br/plugin/2026/Brasileirao/Serie-A,ok
2026,1243,16,Grêmio,gremio,21,18,5,6,7,20,23,-3,43,6,38.9,241210,241210,15166913.879999999,10934319.92,,https://www.srgoool.com.br/plugin/2026/Brasileirao/Serie-A,ok
2026,1243,17,Vasco,vasco,20,18,5,5,8,22,29,-7,40,3,37.0,180891,173601,11559771.5,4044192.4400000004,,https://www.srgoool.com.br/plugin/2026/Brasileirao/Serie-A,ok
2026,1243,18,Remo,remo,18,18,4,6,8,21,29,-8,34,5,33.3,197538,197538,14986515.0,10020153.46,,https://www.srgoool.com.br/plugin/2026/Brasileirao/Serie-A,ok
2026,1243,19,Mirassol,mirassol,16,17,4,4,9,18,24,-6,49,5,31.4,50387,50387,2220560.0,490364.25000000006,,https://www.srgoool.com.br/plugin/2026/Brasileirao/Serie-A,ok
2026,1243,20,Chapecoense,chapecoense,9,17,1,6,10,17,33,-16,37,4,17.6,107395,107395,6075930.0,1430504.1500000001,,https://www.srgoool.com.br/plugin/2026/Brasileirao/Serie-A,ok
