ano,posicao,time,pts,jogos,vitorias,empates,derrotas,gols_pro,gols_contra,saldo_gols,cartoes_amarelos,cartoes_vermelhos,aproveitamento,ingressos,publico_pagante,renda_bruta,renda_liquida,fonte_financeira,fonte,fonte_url,status_coleta
2003,1,Cruzeiro,100,46,31,7,8,102,47,55,0.0,0.0,72.5,0.0,0.0,0.0,0.0,Sr.Goool,RSSSF,https://rsssfbrasil.com/tablesae/br2003.htm,ok
2003,2,Santos,87,46,25,12,9,93,60,33,0.0,0.0,63.0,0.0,0.0,0.0,0.0,Sr.Goool,RSSSF,https://rsssfbrasil.com/tablesae/br2003.htm,ok
2003,3,São Paulo,78,46,22,12,12,81,67,14,0.0,0.0,56.5,0.0,0.0,0.0,0.0,Sr.Goool,RSSSF,https://rsssfbrasil.com/tablesae/br2003.htm,ok
2003,4,São Caetano,74,46,19,14,13,53,37,16,0.0,0.0,51.4,0.0,0.0,0.0,0.0,Sr.Goool,RSSSF,https://rsssfbrasil.com/tablesae/br2003.htm,ok
2003,5,Coritiba,73,46,21,10,15,67,58,9,0.0,0.0,52.9,0.0,0.0,0.0,0.0,Sr.Goool,RSSSF,https://rsssfbrasil.com/tablesae/br2003.htm,ok
2003,6,Internacional,72,46,20,10,16,59,57,2,0.0,0.0,50.7,0.0,0.0,0.0,0.0,Sr.Goool,RSSSF,https://rsssfbrasil.com/tablesae/br2003.htm,ok
2003,7,Atlético Mineiro,72,46,19,15,12,76,62,14,0.0,0.0,52.2,0.0,0.0,0.0,0.0,Sr.Goool,RSSSF,https://rsssfbrasil.com/tablesae/br2003.htm,ok
2003,8,Flamengo,66,46,18,12,16,66,73,-7,0.0,0.0,47.8,0.0,0.0,0.0,0.0,Sr.Goool,RSSSF,https://rsssfbrasil.com/tablesae/br2003.htm,ok
2003,9,Goiás,65,46,18,11,17,78,63,15,0.0,0.0,47.1,0.0,0.0,0.0,0.0,Sr.Goool,RSSSF,https://rsssfbrasil.com/tablesae/br2003.htm,ok
2003,10,Paraná,65,46,18,11,17,85,75,10,0.0,0.0,47.1,0.0,0.0,0.0,0.0,Sr.Goool,RSSSF,https://rsssfbrasil.com/tablesae/br2003.htm,ok
2003,11,Figueirense,65,46,17,14,15,62,54,8,0.0,0.0,47.1,0.0,0.0,0.0,0.0,Sr.Goool,RSSSF,https://rsssfbrasil.com/tablesae/br2003.htm,ok
2003,12,Athletico Paranaense,61,46,17,10,19,67,72,-5,0.0,0.0,44.2,0.0,0.0,0.0,0.0,Sr.Goool,RSSSF,https://rsssfbrasil.com/tablesae/br2003.htm,ok
2003,13,Guarani,61,46,17,10,19,64,72,-8,0.0,0.0,44.2,0.0,0.0,0.0,0.0,Sr.Goool,RSSSF,https://rsssfbrasil.com/tablesae/br2003.htm,ok
2003,14,Criciúma,60,46,17,9,20,57,69,-12,0.0,0.0,43.5,0.0,0.0,0.0,0.0,Sr.Goool,RSSSF,https://rsssfbrasil.com/tablesae/br2003.htm,ok
2003,15,Corinthians,59,46,15,12,19,61,63,-2,0.0,0.0,41.3,0.0,0.0,0.0,0.0,Sr.Goool,RSSSF,https://rsssfbrasil.com/tablesae/br2003.htm,ok
2003,16,Vitória,56,46,15,11,20,50,64,-14,0.0,0.0,40.6,0.0,0.0,0.0,0.0,Sr.Goool,RSSSF,https://rsssfbrasil.com/tablesae/br2003.htm,ok
2003,17,Vasco da Gama,54,46,13,15,18,57,69,-12,0.0,0.0,39.1,0.0,0.0,0.0,0.0,Sr.Goool,RSSSF,https://rsssfbrasil.com/tablesae/br2003.htm,ok
2003,18,Juventude,53,46,12,14,20,55,70,-15,0.0,0.0,36.2,0.0,0.0,0.0,0.0,Sr.Goool,RSSSF,https://rsssfbrasil.com/tablesae/br2003.htm,ok
2003,19,Fluminense,52,46,13,11,22,52,77,-25,0.0,0.0,36.2,0.0,0.0,0.0,0.0,Sr.Goool,RSSSF,https://rsssfbrasil.com/tablesae/br2003.htm,ok
2003,20,Grêmio,50,46,13,11,22,54,68,-14,0.0,0.0,36.2,0.0,0.0,0.0,0.0,Sr.Goool,RSSSF,https://rsssfbrasil.com/tablesae/br2003.htm,ok
2003,21,Ponte Preta,50,46,11,18,17,63,73,-10,0.0,0.0,37.0,0.0,0.0,0.0,0.0,Sr.Goool,RSSSF,https://rsssfbrasil.com/tablesae/br2003.htm,ok
2003,22,Paysandu,49,46,15,12,19,74,77,-3,0.0,0.0,41.3,0.0,0.0,0.0,0.0,Sr.Goool,RSSSF,https://rsssfbrasil.com/tablesae/br2003.htm,ok
2003,23,Fortaleza,49,46,12,13,21,58,74,-16,0.0,0.0,35.5,0.0,0.0,0.0,0.0,Sr.Goool,RSSSF,https://rsssfbrasil.com/tablesae/br2003.htm,ok
2003,24,Bahia,46,46,12,10,24,59,92,-33,0.0,0.0,33.3,0.0,0.0,0.0,0.0,Sr.Goool,RSSSF,https://rsssfbrasil.com/tablesae/br2003.htm,ok
2004,1,Santos,89,46,27,8,11,103,58,45,0.0,0.0,64.5,0.0,0.0,0.0,0.0,Sr.Goool,RSSSF,https://rsssfbrasil.com/tablesae/br2004.htm,ok
2004,2,Athletico Paranaense,86,46,25,11,10,93,56,37,0.0,0.0,62.3,0.0,0.0,0.0,0.0,Sr.Goool,RSSSF,https://rsssfbrasil.com/tablesae/br2004.htm,ok
2004,3,São Paulo,82,46,24,10,12,78,43,35,0.0,0.0,59.4,0.0,0.0,0.0,0.0,Sr.Goool,RSSSF,https://rsssfbrasil.com/tablesae/br2004.htm,ok
2004,4,Palmeiras,79,46,22,13,11,72,47,25,0.0,0.0,57.2,0.0,0.0,0.0,0.0,Sr.Goool,RSSSF,https://rsssfbrasil.com/tablesae/br2004.htm,ok
2004,5,Corinthians,74,46,20,14,12,54,54,0,0.0,0.0,53.6,0.0,0.0,0.0,0.0,Sr.Goool,RSSSF,https://rsssfbrasil.com/tablesae/br2004.htm,ok
2004,6,Goiás,72,46,21,9,16,81,68,13,0.0,0.0,52.2,0.0,0.0,0.0,0.0,Sr.Goool,RSSSF,https://rsssfbrasil.com/tablesae/br2004.htm,ok
2004,7,Juventude,70,46,20,10,16,60,66,-6,0.0,0.0,50.7,0.0,0.0,0.0,0.0,Sr.Goool,RSSSF,https://rsssfbrasil.com/tablesae/br2004.htm,ok
2004,8,Internacional,67,46,20,7,19,66,59,7,0.0,0.0,48.6,0.0,0.0,0.0,0.0,Sr.Goool,RSSSF,https://rsssfbrasil.com/tablesae/br2004.htm,ok
2004,9,Fluminense,67,46,18,13,15,65,68,-3,0.0,0.0,48.6,0.0,0.0,0.0,0.0,Sr.Goool,RSSSF,https://rsssfbrasil.com/tablesae/br2004.htm,ok
2004,10,Ponte Preta,64,46,19,7,20,43,73,-30,0.0,0.0,46.4,0.0,0.0,0.0,0.0,Sr.Goool,RSSSF,https://rsssfbrasil.com/tablesae/br2004.htm,ok
2004,11,Figueirense,63,45,17,12,17,57,59,-2,0.0,0.0,45.7,0.0,0.0,0.0,0.0,Sr.Goool,RSSSF,https://rsssfbrasil.com/tablesae/br2004.htm,ok
2004,12,Coritiba,62,46,15,17,14,53,48,5,0.0,0.0,44.9,0.0,0.0,0.0,0.0,Sr.Goool,RSSSF,https://rsssfbrasil.com/tablesae/br2004.htm,ok
2004,13,Cruzeiro,56,46,16,8,22,69,81,-12,0.0,0.0,40.6,0.0,0.0,0.0,0.0,Sr.Goool,RSSSF,https://rsssfbrasil.com/tablesae/br2004.htm,ok
2004,14,Paysandu,56,46,14,14,18,56,76,-20,0.0,0.0,40.6,0.0,0.0,0.0,0.0,Sr.Goool,RSSSF,https://rsssfbrasil.com/tablesae/br2004.htm,ok
2004,15,Paraná,54,46,15,9,22,52,73,-21,0.0,0.0,39.1,0.0,0.0,0.0,0.0,Sr.Goool,RSSSF,https://rsssfbrasil.com/tablesae/br2004.htm,ok
2004,16,Vasco da Gama,54,46,14,12,20,64,68,-4,0.0,0.0,39.1,0.0,0.0,0.0,0.0,Sr.Goool,RSSSF,https://rsssfbrasil.com/tablesae/br2004.htm,ok
2004,17,Flamengo,54,46,13,15,18,51,53,-2,0.0,0.0,39.1,0.0,0.0,0.0,0.0,Sr.Goool,RSSSF,https://rsssfbrasil.com/tablesae/br2004.htm,ok
2004,18,São Caetano,53,46,23,8,15,65,49,16,0.0,0.0,55.8,0.0,0.0,0.0,0.0,Sr.Goool,RSSSF,https://rsssfbrasil.com/tablesae/br2004.htm,ok
2004,19,Atlético Mineiro,53,46,12,17,17,60,66,-6,0.0,0.0,38.4,0.0,0.0,0.0,0.0,Sr.Goool,RSSSF,https://rsssfbrasil.com/tablesae/br2004.htm,ok
2004,20,Botafogo,51,46,11,18,17,62,71,-9,0.0,0.0,37.0,0.0,0.0,0.0,0.0,Sr.Goool,RSSSF,https://rsssfbrasil.com/tablesae/br2004.htm,ok
2004,21,Criciúma,50,46,13,11,22,61,78,-17,0.0,0.0,36.2,0.0,0.0,0.0,0.0,Sr.Goool,RSSSF,https://rsssfbrasil.com/tablesae/br2004.htm,ok
2004,22,Guarani,49,46,11,16,19,43,55,-12,0.0,0.0,35.5,0.0,0.0,0.0,0.0,Sr.Goool,RSSSF,https://rsssfbrasil.com/tablesae/br2004.htm,ok
2004,23,Vitória,48,46,13,9,24,68,87,-19,0.0,0.0,34.8,0.0,0.0,0.0,0.0,Sr.Goool,RSSSF,https://rsssfbrasil.com/tablesae/br2004.htm,ok
2004,24,Grêmio,39,46,9,12,25,60,80,-20,0.0,0.0,28.3,0.0,0.0,0.0,0.0,Sr.Goool,RSSSF,https://rsssfbrasil.com/tablesae/br2004.htm,ok
2005,1,Corinthians,81,42,24,9,9,87,59,28,0.0,0.0,64.3,0.0,0.0,0.0,0.0,Sr.Goool,RSSSF,https://rsssfbrasil.com/tablesae/br2005.htm,divergente
2005,2,Internacional,78,42,23,9,10,72,49,23,0.0,0.0,61.9,0.0,0.0,0.0,0.0,Sr.Goool,RSSSF,https://rsssfbrasil.com/tablesae/br2005.htm,divergente
2005,3,Goiás,74,42,22,8,12,68,51,17,0.0,0.0,58.7,0.0,0.0,0.0,0.0,Sr.Goool,RSSSF,https://rsssfbrasil.com/tablesae/br2005.htm,divergente
2005,4,Palmeiras,70,42,20,10,12,81,65,16,0.0,0.0,55.6,0.0,0.0,0.0,0.0,Sr.Goool,RSSSF,https://rsssfbrasil.com/tablesae/br2005.htm,divergente
2005,5,Fluminense,68,42,19,11,12,79,70,9,0.0,0.0,54.0,0.0,0.0,0.0,0.0,Sr.Goool,RSSSF,https://rsssfbrasil.com/tablesae/br2005.htm,divergente
2005,6,Athletico Paranaense,61,42,18,7,17,76,67,9,0.0,0.0,48.4,0.0,0.0,0.0,0.0,Sr.Goool,RSSSF,https://rsssfbrasil.com/tablesae/br2005.htm,divergente
2005,7,Paraná,61,42,17,10,15,59,51,8,0.0,0.0,48.4,0.0,0.0,0.0,0.0,Sr.Goool,RSSSF,https://rsssfbrasil.com/tablesae/br2005.htm,divergente
2005,8,Cruzeiro,60,42,17,9,16,73,72,1,0.0,0.0,47.6,0.0,0.0,0.0,0.0,Sr.Goool,RSSSF,https://rsssfbrasil.com/tablesae/br2005.htm,divergente
2005,9,Botafogo,59,42,17,8,17,57,56,1,0.0,0.0,46.8,0.0,0.0,0.0,0.0,Sr.Goool,RSSSF,https://rsssfbrasil.com/tablesae/br2005.htm,divergente
2005,10,Santos,59,42,16,11,15,68,71,-3,0.0,0.0,46.8,0.0,0.0,0.0,0.0,Sr.Goool,RSSSF,https://rsssfbrasil.com/tablesae/br2005.htm,divergente
2005,11,São Paulo,58,42,16,10,16,77,67,10,0.0,0.0,46.0,0.0,0.0,0.0,0.0,Sr.Goool,RSSSF,https://rsssfbrasil.com/tablesae/br2005.htm,divergente
2005,12,Vasco da Gama,56,42,15,11,16,74,84,-10,0.0,0.0,44.4,0.0,0.0,0.0,0.0,Sr.Goool,RSSSF,https://rsssfbrasil.com/tablesae/br2005.htm,divergente
2005,13,Fortaleza,55,42,16,7,19,58,64,-6,0.0,0.0,43.7,0.0,0.0,0.0,0.0,Sr.Goool,RSSSF,https://rsssfbrasil.com/tablesae/br2005.htm,divergente
2005,14,Juventude,55,42,15,10,17,66,72,-6,0.0,0.0,43.7,0.0,0.0,0.0,0.0,Sr.Goool,RSSSF,https://rsssfbrasil.com/tablesae/br2005.htm,divergente
2005,15,Flamengo,55,42,14,13,15,56,60,-4,0.0,0.0,43.7,0.0,0.0,0.0,0.0,Sr.Goool,RSSSF,https://rsssfbrasil.com/tablesae/br2005.htm,divergente
2005,16,Figueirense,53,42,14,11,17,65,72,-7,0.0,0.0,42.1,0.0,0.0,0.0,0.0,Sr.Goool,RSSSF,https://rsssfbrasil.com/tablesae/br2005.htm,divergente
2005,17,São Caetano,52,42,14,10,18,54,60,-6,0.0,0.0,41.3,0.0,0.0,0.0,0.0,Sr.Goool,RSSSF,https://rsssfbrasil.com/tablesae/br2005.htm,divergente
2005,18,Ponte Preta,51,42,15,6,21,63,80,-17,0.0,0.0,40.5,0.0,0.0,0.0,0.0,Sr.Goool,RSSSF,https://rsssfbrasil.com/tablesae/br2005.htm,divergente
2005,19,Coritiba,49,42,13,10,19,51,60,-9,0.0,0.0,38.9,0.0,0.0,0.0,0.0,Sr.Goool,RSSSF,https://rsssfbrasil.com/tablesae/br2005.htm,divergente
2005,20,Atlético Mineiro,47,42,13,8,21,54,59,-5,0.0,0.0,37.3,0.0,0.0,0.0,0.0,Sr.Goool,RSSSF,https://rsssfbrasil.com/tablesae/br2005.htm,divergente
2005,21,Paysandu,41,42,12,5,25,63,92,-29,0.0,0.0,32.5,0.0,0.0,0.0,0.0,Sr.Goool,RSSSF,https://rsssfbrasil.com/tablesae/br2005.htm,divergente
2005,22,Brasiliense,41,42,10,11,21,47,67,-20,0.0,0.0,32.5,0.0,0.0,0.0,0.0,Sr.Goool,RSSSF,https://rsssfbrasil.com/tablesae/br2005.htm,divergente
2006,1,São Paulo,78,38,22,12,4,66,32,34,0.0,0.0,68.4,0.0,0.0,0.0,0.0,Sr.Goool,RSSSF,https://rsssfbrasil.com/tablesae/br2006.htm,ok
2006,2,Internacional,69,38,20,9,9,52,36,16,0.0,0.0,60.5,0.0,0.0,0.0,0.0,Sr.Goool,RSSSF,https://rsssfbrasil.com/tablesae/br2006.htm,ok
2006,3,Grêmio,67,38,20,7,11,64,45,19,0.0,0.0,58.8,0.0,0.0,0.0,0.0,Sr.Goool,RSSSF,https://rsssfbrasil.com/tablesae/br2006.htm,ok
2006,4,Santos,64,38,18,10,10,58,36,22,0.0,0.0,56.1,0.0,0.0,0.0,0.0,Sr.Goool,RSSSF,https://rsssfbrasil.com/tablesae/br2006.htm,ok
2006,5,Paraná,60,38,18,6,14,56,49,7,0.0,0.0,52.6,0.0,0.0,0.0,0.0,Sr.Goool,RSSSF,https://rsssfbrasil.com/tablesae/br2006.htm,ok
2006,6,Vasco da Gama,59,38,15,14,9,57,50,7,0.0,0.0,51.8,0.0,0.0,0.0,0.0,Sr.Goool,RSSSF,https://rsssfbrasil.com/tablesae/br2006.htm,ok
2006,7,Figueirense,57,38,15,12,11,52,44,8,0.0,0.0,50.0,0.0,0.0,0.0,0.0,Sr.Goool,RSSSF,https://rsssfbrasil.com/tablesae/br2006.htm,ok
2006,8,Goiás,55,38,15,10,13,63,49,14,0.0,0.0,48.2,0.0,0.0,0.0,0.0,Sr.Goool,RSSSF,https://rsssfbrasil.com/tablesae/br2006.htm,ok
2006,9,Corinthians,53,38,15,8,15,41,46,-5,0.0,0.0,46.5,0.0,0.0,0.0,0.0,Sr.Goool,RSSSF,https://rsssfbrasil.com/tablesae/br2006.htm,ok
2006,10,Cruzeiro,53,38,14,11,13,52,45,7,0.0,0.0,46.5,0.0,0.0,0.0,0.0,Sr.Goool,RSSSF,https://rsssfbrasil.com/tablesae/br2006.htm,ok
2006,11,Flamengo,52,38,15,7,16,44,48,-4,0.0,0.0,45.6,0.0,0.0,0.0,0.0,Sr.Goool,RSSSF,https://rsssfbrasil.com/tablesae/br2006.htm,ok
2006,12,Botafogo,51,38,13,12,13,52,50,2,0.0,0.0,44.7,0.0,0.0,0.0,0.0,Sr.Goool,RSSSF,https://rsssfbrasil.com/tablesae/br2006.htm,ok
2006,13,Athletico Paranaense,48,38,13,9,16,61,62,-1,0.0,0.0,42.1,0.0,0.0,0.0,0.0,Sr.Goool,RSSSF,https://rsssfbrasil.com/tablesae/br2006.htm,ok
2006,14,Juventude,47,38,13,8,17,44,54,-10,0.0,0.0,41.2,0.0,0.0,0.0,0.0,Sr.Goool,RSSSF,https://rsssfbrasil.com/tablesae/br2006.htm,ok
2006,15,Fluminense,45,38,11,12,15,48,58,-10,0.0,0.0,39.5,0.0,0.0,0.0,0.0,Sr.Goool,RSSSF,https://rsssfbrasil.com/tablesae/br2006.htm,ok
2006,16,Palmeiras,44,38,12,8,18,58,70,-12,0.0,0.0,38.6,0.0,0.0,0.0,0.0,Sr.Goool,RSSSF,https://rsssfbrasil.com/tablesae/br2006.htm,ok
2006,17,Ponte Preta,39,38,10,9,19,45,65,-20,0.0,0.0,34.2,0.0,0.0,0.0,0.0,Sr.Goool,RSSSF,https://rsssfbrasil.com/tablesae/br2006.htm,ok
2006,18,Fortaleza,38,38,8,14,16,39,62,-23,0.0,0.0,33.3,0.0,0.0,0.0,0.0,Sr.Goool,RSSSF,https://rsssfbrasil.com/tablesae/br2006.htm,ok
2006,19,São Caetano,36,38,9,9,20,37,53,-16,0.0,0.0,31.6,0.0,0.0,0.0,0.0,Sr.Goool,RSSSF,https://rsssfbrasil.com/tablesae/br2006.htm,ok
2006,20,Santa Cruz,28,38,7,7,24,41,76,-35,0.0,0.0,24.6,0.0,0.0,0.0,0.0,Sr.Goool,RSSSF,https://rsssfbrasil.com/tablesae/br2006.htm,ok
2007,1,São Paulo,77,38,23,8,7,55,19,36,0.0,0.0,67.5,0.0,0.0,0.0,0.0,Sr.Goool,RSSSF,https://rsssfbrasil.com/tablesae/br2007.htm,ok
2007,2,Santos,62,38,19,5,14,57,47,10,0.0,0.0,54.4,0.0,0.0,0.0,0.0,Sr.Goool,RSSSF,https://rsssfbrasil.com/tablesae/br2007.htm,ok
2007,3,Flamengo,61,38,17,10,11,55,49,6,0.0,0.0,53.5,0.0,0.0,0.0,0.0,Sr.Goool,RSSSF,https://rsssfbrasil.com/tablesae/br2007.htm,ok
2007,4,Fluminense,61,38,16,13,9,57,39,18,0.0,0.0,53.5,0.0,0.0,0.0,0.0,Sr.Goool,RSSSF,https://rsssfbrasil.com/tablesae/br2007.htm,ok
2007,5,Cruzeiro,60,38,18,6,14,73,58,15,0.0,0.0,52.6,0.0,0.0,0.0,0.0,Sr.Goool,RSSSF,https://rsssfbrasil.com/tablesae/br2007.htm,ok
2007,6,Grêmio,58,38,17,7,14,44,43,1,0.0,0.0,50.9,0.0,0.0,0.0,0.0,Sr.Goool,RSSSF,https://rsssfbrasil.com/tablesae/br2007.htm,ok
2007,7,Palmeiras,58,38,16,10,12,48,47,1,0.0,0.0,50.9,0.0,0.0,0.0,0.0,Sr.Goool,RSSSF,https://rsssfbrasil.com/tablesae/br2007.htm,ok
2007,8,Atlético Mineiro,55,38,15,10,13,63,51,12,0.0,0.0,48.2,0.0,0.0,0.0,0.0,Sr.Goool,RSSSF,https://rsssfbrasil.com/tablesae/br2007.htm,ok
2007,9,Botafogo,55,38,14,13,11,62,58,4,0.0,0.0,48.2,0.0,0.0,0.0,0.0,Sr.Goool,RSSSF,https://rsssfbrasil.com/tablesae/br2007.htm,ok
2007,10,Vasco da Gama,54,38,15,9,14,58,47,11,0.0,0.0,47.4,0.0,0.0,0.0,0.0,Sr.Goool,RSSSF,https://rsssfbrasil.com/tablesae/br2007.htm,ok
2007,11,Internacional,54,38,15,9,14,49,44,5,0.0,0.0,47.4,0.0,0.0,0.0,0.0,Sr.Goool,RSSSF,https://rsssfbrasil.com/tablesae/br2007.htm,ok
2007,12,Athletico Paranaense,54,38,14,12,12,51,50,1,0.0,0.0,47.4,0.0,0.0,0.0,0.0,Sr.Goool,RSSSF,https://rsssfbrasil.com/tablesae/br2007.htm,ok
2007,13,Figueirense,53,38,14,11,13,57,56,1,0.0,0.0,46.5,0.0,0.0,0.0,0.0,Sr.Goool,RSSSF,https://rsssfbrasil.com/tablesae/br2007.htm,ok
2007,14,Sport,51,38,14,9,15,54,55,-1,0.0,0.0,44.7,0.0,0.0,0.0,0.0,Sr.Goool,RSSSF,https://rsssfbrasil.com/tablesae/br2007.htm,ok
2007,15,Náutico,49,38,14,7,17,66,63,3,0.0,0.0,43.0,0.0,0.0,0.0,0.0,Sr.Goool,RSSSF,https://rsssfbrasil.com/tablesae/br2007.htm,ok
2007,16,Goiás,45,38,13,6,19,49,62,-13,0.0,0.0,39.5,0.0,0.0,0.0,0.0,Sr.Goool,RSSSF,https://rsssfbrasil.com/tablesae/br2007.htm,ok
2007,17,Corinthians,44,38,10,14,14,40,50,-10,0.0,0.0,38.6,0.0,0.0,0.0,0.0,Sr.Goool,RSSSF,https://rsssfbrasil.com/tablesae/br2007.htm,ok
2007,18,Juventude,41,38,11,8,19,43,65,-22,0.0,0.0,36.0,0.0,0.0,0.0,0.0,Sr.Goool,RSSSF,https://rsssfbrasil.com/tablesae/br2007.htm,ok
2007,19,Paraná,41,38,11,8,19,42,64,-22,0.0,0.0,36.0,0.0,0.0,0.0,0.0,Sr.Goool,RSSSF,https://rsssfbrasil.com/tablesae/br2007.htm,ok
2007,20,América Mineiro,17,39,4,5,29,24,80,-56,,,,,,,,,RSSSF,https://rsssfbrasil.com/tablesae/br2007.htm,ok
2008,1,São Paulo,75,38,21,12,5,66,36,30,0.0,0.0,65.8,0.0,0.0,0.0,0.0,Sr.Goool,RSSSF,https://rsssfbrasil.com/tablesae/br2008.htm,divergente
2008,2,Grêmio,72,38,21,9,8,59,35,24,0.0,0.0,63.2,0.0,0.0,0.0,0.0,Sr.Goool,RSSSF,https://rsssfbrasil.com/tablesae/br2008.htm,divergente
2008,3,Cruzeiro,67,38,21,4,13,59,44,15,0.0,0.0,58.8,0.0,0.0,0.0,0.0,Sr.Goool,RSSSF,https://rsssfbrasil.com/tablesae/br2008.htm,divergente
2008,4,Palmeiras,65,38,19,8,11,55,45,10,0.0,0.0,57.0,0.0,0.0,0.0,0.0,Sr.Goool,RSSSF,https://rsssfbrasil.com/tablesae/br2008.htm,divergente
2008,5,Flamengo,64,38,18,10,10,67,48,19,0.0,0.0,56.1,0.0,0.0,0.0,0.0,Sr.Goool,RSSSF,https://rsssfbrasil.com/tablesae/br2008.htm,divergente
2008,6,Internacional,54,38,15,9,14,48,47,1,0.0,0.0,47.4,0.0,0.0,0.0,0.0,Sr.Goool,RSSSF,https://rsssfbrasil.com/tablesae/br2008.htm,divergente
2008,7,Botafogo,53,38,15,8,15,51,44,7,0.0,0.0,46.5,0.0,0.0,0.0,0.0,Sr.Goool,RSSSF,https://rsssfbrasil.com/tablesae/br2008.htm,divergente
2008,8,Goiás,53,38,14,11,13,57,47,10,0.0,0.0,46.5,0.0,0.0,0.0,0.0,Sr.Goool,RSSSF,https://rsssfbrasil.com/tablesae/br2008.htm,divergente
2008,9,Coritiba,53,38,14,11,13,55,48,7,0.0,0.0,46.5,0.0,0.0,0.0,0.0,Sr.Goool,RSSSF,https://rsssfbrasil.com/tablesae/br2008.htm,divergente
2008,10,Vitória,52,38,15,7,16,47,44,3,0.0,0.0,45.6,0.0,0.0,0.0,0.0,Sr.Goool,RSSSF,https://rsssfbrasil.com/tablesae/br2008.htm,divergente
2008,11,Sport,52,38,14,10,14,48,45,3,0.0,0.0,45.6,0.0,0.0,0.0,0.0,Sr.Goool,RSSSF,https://rsssfbrasil.com/tablesae/br2008.htm,divergente
2008,12,Atlético Mineiro,48,38,12,12,14,50,60,-10,0.0,0.0,42.1,0.0,0.0,0.0,0.0,Sr.Goool,RSSSF,https://rsssfbrasil.com/tablesae/br2008.htm,divergente
2008,13,Athletico Paranaense,45,38,12,9,17,45,54,-9,0.0,0.0,39.5,0.0,0.0,0.0,0.0,Sr.Goool,RSSSF,https://rsssfbrasil.com/tablesae/br2008.htm,divergente
2008,14,Fluminense,45,38,11,12,15,49,48,1,0.0,0.0,39.5,0.0,0.0,0.0,0.0,Sr.Goool,RSSSF,https://rsssfbrasil.com/tablesae/br2008.htm,divergente
2008,15,Santos,45,38,11,12,15,44,53,-9,0.0,0.0,39.5,0.0,0.0,0.0,0.0,Sr.Goool,RSSSF,https://rsssfbrasil.com/tablesae/br2008.htm,divergente
2008,16,Náutico,44,38,11,11,16,44,54,-10,0.0,0.0,38.6,0.0,0.0,0.0,0.0,Sr.Goool,RSSSF,https://rsssfbrasil.com/tablesae/br2008.htm,divergente
2008,17,Figueirense,44,38,11,11,16,49,73,-24,0.0,0.0,38.6,0.0,0.0,0.0,0.0,Sr.Goool,RSSSF,https://rsssfbrasil.com/tablesae/br2008.htm,divergente
2008,18,Vasco da Gama,40,38,11,7,20,56,72,-16,0.0,0.0,35.1,0.0,0.0,0.0,0.0,Sr.Goool,RSSSF,https://rsssfbrasil.com/tablesae/br2008.htm,divergente
2008,19,Portuguesa,38,38,9,11,18,48,70,-22,0.0,0.0,33.3,0.0,0.0,0.0,0.0,Sr.Goool,RSSSF,https://rsssfbrasil.com/tablesae/br2008.htm,divergente
2008,20,Ipatinga,35,38,9,8,21,37,67,-30,0.0,0.0,30.7,0.0,0.0,0.0,0.0,Sr.Goool,RSSSF,https://rsssfbrasil.com/tablesae/br2008.htm,divergente
2009,1,Flamengo,67,38,19,10,9,58,44,14,0.0,0.0,58.8,0.0,0.0,0.0,0.0,Sr.Goool,RSSSF,https://rsssfbrasil.com/tablesae/br2009.htm,ok
2009,2,Internacional,65,38,19,8,11,65,44,21,0.0,0.0,57.0,0.0,0.0,0.0,0.0,Sr.Goool,RSSSF,https://rsssfbrasil.com/tablesae/br2009.htm,ok
2009,3,São Paulo,65,38,18,11,9,57,42,15,0.0,0.0,57.0,0.0,0.0,0.0,0.0,Sr.Goool,RSSSF,https://rsssfbrasil.com/tablesae/br2009.htm,ok
2009,4,Cruzeiro,62,38,18,8,12,58,53,5,0.0,0.0,54.4,0.0,0.0,0.0,0.0,Sr.Goool,RSSSF,https://rsssfbrasil.com/tablesae/br2009.htm,ok
2009,5,Palmeiras,62,38,17,11,10,58,45,13,0.0,0.0,54.4,0.0,0.0,0.0,0.0,Sr.Goool,RSSSF,https://rsssfbrasil.com/tablesae/br2009.htm,ok
2009,6,Avaí,57,38,15,12,11,61,52,9,0.0,0.0,50.0,0.0,0.0,0.0,0.0,Sr.Goool,RSSSF,https://rsssfbrasil.com/tablesae/br2009.htm,ok
2009,7,Atlético Mineiro,56,38,16,8,14,55,56,-1,0.0,0.0,49.1,0.0,0.0,0.0,0.0,Sr.Goool,RSSSF,https://rsssfbrasil.com/tablesae/br2009.htm,ok
2009,8,Grêmio,55,38,15,10,13,67,46,21,0.0,0.0,48.2,0.0,0.0,0.0,0.0,Sr.Goool,RSSSF,https://rsssfbrasil.com/tablesae/br2009.htm,ok
2009,9,Goiás,55,38,15,10,13,64,65,-1,0.0,0.0,48.2,0.0,0.0,0.0,0.0,Sr.Goool,RSSSF,https://rsssfbrasil.com/tablesae/br2009.htm,ok
2009,10,Corinthians,52,38,14,10,14,50,54,-4,0.0,0.0,45.6,0.0,0.0,0.0,0.0,Sr.Goool,RSSSF,https://rsssfbrasil.com/tablesae/br2009.htm,ok
2009,11,Barueri,49,38,12,13,13,59,52,7,,,,,,,,,RSSSF,https://rsssfbrasil.com/tablesae/br2009.htm,ok
2009,12,Santos,49,38,12,13,13,58,58,0,0.0,0.0,43.0,0.0,0.0,0.0,0.0,Sr.Goool,RSSSF,https://rsssfbrasil.com/tablesae/br2009.htm,ok
2009,13,Vitória,48,38,13,9,16,51,57,-6,0.0,0.0,42.1,0.0,0.0,0.0,0.0,Sr.Goool,RSSSF,https://rsssfbrasil.com/tablesae/br2009.htm,ok
2009,14,Athletico Paranaense,48,38,13,9,16,42,49,-7,0.0,0.0,42.1,0.0,0.0,0.0,0.0,Sr.Goool,RSSSF,https://rsssfbrasil.com/tablesae/br2009.htm,ok
2009,15,Botafogo,47,38,11,14,13,52,58,-6,0.0,0.0,41.2,0.0,0.0,0.0,0.0,Sr.Goool,RSSSF,https://rsssfbrasil.com/tablesae/br2009.htm,ok
2009,16,Fluminense,46,38,11,13,14,49,56,-7,0.0,0.0,40.4,0.0,0.0,0.0,0.0,Sr.Goool,RSSSF,https://rsssfbrasil.com/tablesae/br2009.htm,ok
2009,17,Coritiba,45,38,12,9,17,48,60,-12,0.0,0.0,39.5,0.0,0.0,0.0,0.0,Sr.Goool,RSSSF,https://rsssfbrasil.com/tablesae/br2009.htm,ok
2009,18,Santo André,41,38,11,8,19,46,61,-15,0.0,0.0,36.0,0.0,0.0,0.0,0.0,Sr.Goool,RSSSF,https://rsssfbrasil.com/tablesae/br2009.htm,ok
2009,19,Náutico,38,38,10,8,20,48,71,-23,0.0,0.0,33.3,0.0,0.0,0.0,0.0,Sr.Goool,RSSSF,https://rsssfbrasil.com/tablesae/br2009.htm,ok
2009,20,Sport,31,38,7,10,21,48,71,-23,0.0,0.0,27.2,0.0,0.0,0.0,0.0,Sr.Goool,RSSSF,https://rsssfbrasil.com/tablesae/br2009.htm,ok
2010,1,Fluminense,71,38,20,11,7,62,36,26,0.0,0.0,62.3,0.0,0.0,0.0,0.0,Sr.Goool,RSSSF,https://rsssfbrasil.com/tablesae/br2010.htm,ok
2010,2,Cruzeiro,69,38,20,9,9,53,38,15,0.0,0.0,60.5,0.0,0.0,0.0,0.0,Sr.Goool,RSSSF,https://rsssfbrasil.com/tablesae/br2010.htm,ok
2010,3,Corinthians,68,38,19,11,8,65,41,24,0.0,0.0,59.6,0.0,0.0,0.0,0.0,Sr.Goool,RSSSF,https://rsssfbrasil.com/tablesae/br2010.htm,ok
2010,4,Grêmio,63,38,17,12,9,68,43,25,0.0,0.0,55.3,0.0,0.0,0.0,0.0,Sr.Goool,RSSSF,https://rsssfbrasil.com/tablesae/br2010.htm,ok
2010,5,Athletico Paranaense,60,38,17,9,12,43,45,-2,0.0,0.0,52.6,0.0,0.0,0.0,0.0,Sr.Goool,RSSSF,https://rsssfbrasil.com/tablesae/br2010.htm,ok
2010,6,Botafogo,59,38,14,17,7,54,42,12,0.0,0.0,51.8,0.0,0.0,0.0,0.0,Sr.Goool,RSSSF,https://rsssfbrasil.com/tablesae/br2010.htm,ok
2010,7,Internacional,58,38,16,10,12,48,41,7,0.0,0.0,50.9,0.0,0.0,0.0,0.0,Sr.Goool,RSSSF,https://rsssfbrasil.com/tablesae/br2010.htm,ok
2010,8,Santos,56,38,15,11,12,63,50,13,0.0,0.0,49.1,0.0,0.0,0.0,0.0,Sr.Goool,RSSSF,https://rsssfbrasil.com/tablesae/br2010.htm,ok
2010,9,São Paulo,55,38,15,10,13,54,54,0,0.0,0.0,48.2,0.0,0.0,0.0,0.0,Sr.Goool,RSSSF,https://rsssfbrasil.com/tablesae/br2010.htm,ok
2010,10,Palmeiras,50,38,12,14,12,42,43,-1,0.0,0.0,43.9,0.0,0.0,0.0,0.0,Sr.Goool,RSSSF,https://rsssfbrasil.com/tablesae/br2010.htm,ok
2010,11,Vasco da Gama,49,38,11,16,11,43,45,-2,0.0,0.0,43.0,0.0,0.0,0.0,0.0,Sr.Goool,RSSSF,https://rsssfbrasil.com/tablesae/br2010.htm,ok
2010,12,Ceará,47,38,10,17,11,35,44,-9,0.0,0.0,41.2,0.0,0.0,0.0,0.0,Sr.Goool,RSSSF,https://rsssfbrasil.com/tablesae/br2010.htm,ok
2010,13,Atlético Mineiro,45,38,13,6,19,52,64,-12,0.0,0.0,39.5,0.0,0.0,0.0,0.0,Sr.Goool,RSSSF,https://rsssfbrasil.com/tablesae/br2010.htm,ok
2010,14,Flamengo,44,38,9,17,12,41,44,-3,0.0,0.0,38.6,0.0,0.0,0.0,0.0,Sr.Goool,RSSSF,https://rsssfbrasil.com/tablesae/br2010.htm,ok
2010,15,Avaí,43,38,11,10,17,49,58,-9,0.0,0.0,37.7,0.0,0.0,0.0,0.0,Sr.Goool,RSSSF,https://rsssfbrasil.com/tablesae/br2010.htm,ok
2010,16,Atlético Goianiense,42,38,11,9,18,51,57,-6,0.0,0.0,36.8,0.0,0.0,0.0,0.0,Sr.Goool,RSSSF,https://rsssfbrasil.com/tablesae/br2010.htm,ok
2010,17,Vitória,42,38,9,15,14,42,48,-6,0.0,0.0,36.8,0.0,0.0,0.0,0.0,Sr.Goool,RSSSF,https://rsssfbrasil.com/tablesae/br2010.htm,ok
2010,18,Guarani,37,38,8,13,17,33,53,-20,0.0,0.0,32.5,0.0,0.0,0.0,0.0,Sr.Goool,RSSSF,https://rsssfbrasil.com/tablesae/br2010.htm,ok
2010,19,Goiás,33,38,8,9,23,41,68,-27,0.0,0.0,28.9,0.0,0.0,0.0,0.0,Sr.Goool,RSSSF,https://rsssfbrasil.com/tablesae/br2010.htm,ok
2010,20,Prudente,28,38,7,10,21,39,64,-25,0.0,0.0,27.2,0.0,0.0,0.0,0.0,Sr.Goool,RSSSF,https://rsssfbrasil.com/tablesae/br2010.htm,ok
2011,1,Corinthians,71,38,21,8,9,53,36,17,0.0,0.0,62.3,422544.0,417925.0,14170130.5,0.0,Sr.Goool,RSSSF,https://rsssfbrasil.com/tablesae/br2011.htm,divergente
2011,2,Vasco da Gama,69,38,19,12,7,57,40,17,0.0,0.0,60.5,178681.0,161779.0,4042845.0,0.0,Sr.Goool,RSSSF,https://rsssfbrasil.com/tablesae/br2011.htm,divergente
2011,3,Fluminense,63,38,20,3,15,60,51,9,0.0,0.0,55.3,176487.0,128320.0,3418752.5,0.0,Sr.Goool,RSSSF,https://rsssfbrasil.com/tablesae/br2011.htm,divergente
2011,4,Flamengo,61,38,15,16,7,59,47,12,0.0,0.0,53.5,300172.0,239475.0,7074005.0,0.0,Sr.Goool,RSSSF,https://rsssfbrasil.com/tablesae/br2011.htm,divergente
2011,5,Internacional,60,38,16,12,10,57,43,14,0.0,0.0,52.6,222545.0,240377.0,3431335.0,0.0,Sr.Goool,RSSSF,https://rsssfbrasil.com/tablesae/br2011.htm,divergente
2011,6,São Paulo,59,38,16,11,11,57,46,11,0.0,0.0,51.8,490908.0,367923.0,10392488.0,0.0,Sr.Goool,RSSSF,https://rsssfbrasil.com/tablesae/br2011.htm,divergente
2011,7,Figueirense,58,38,15,13,10,46,45,1,0.0,0.0,50.9,164943.0,164943.0,2460425.0,0.0,Sr.Goool,RSSSF,https://rsssfbrasil.com/tablesae/br2011.htm,divergente
2011,8,Coritiba,57,38,16,9,13,57,41,16,0.0,0.0,50.0,306663.0,274593.0,4325910.0,0.0,Sr.Goool,RSSSF,https://rsssfbrasil.com/tablesae/br2011.htm,divergente
2011,9,Botafogo,56,38,16,8,14,52,49,3,0.0,0.0,49.1,221863.0,204750.0,4061685.0,0.0,Sr.Goool,RSSSF,https://rsssfbrasil.com/tablesae/br2011.htm,divergente
2011,10,Santos,53,38,15,8,15,55,55,0,0.0,0.0,46.5,129276.0,109860.0,2455965.0,0.0,Sr.Goool,RSSSF,https://rsssfbrasil.com/tablesae/br2011.htm,divergente
2011,11,Palmeiras,50,38,11,17,10,43,39,4,0.0,0.0,43.9,225141.0,203208.0,5527441.0,0.0,Sr.Goool,RSSSF,https://rsssfbrasil.com/tablesae/br2011.htm,divergente
2011,12,Grêmio,48,38,13,9,16,49,57,-8,0.0,0.0,42.1,434589.0,238153.0,4519206.0,0.0,Sr.Goool,RSSSF,https://rsssfbrasil.com/tablesae/br2011.htm,divergente
2011,13,Atlético Goianiense,48,38,12,12,14,50,45,5,0.0,0.0,42.1,194152.0,127561.0,2206280.0,0.0,Sr.Goool,RSSSF,https://rsssfbrasil.com/tablesae/br2011.htm,divergente
2011,14,Bahia,46,38,11,13,14,43,49,-6,0.0,0.0,40.4,326323.0,304386.0,6787717.5,0.0,Sr.Goool,RSSSF,https://rsssfbrasil.com/tablesae/br2011.htm,divergente
2011,15,Atlético Mineiro,45,38,13,6,19,50,60,-10,0.0,0.0,39.5,218155.0,198184.0,1378260.0,0.0,Sr.Goool,RSSSF,https://rsssfbrasil.com/tablesae/br2011.htm,divergente
2011,16,Cruzeiro,43,38,11,10,17,48,51,-3,0.0,0.0,37.7,183116.0,137954.0,2008390.59,0.0,Sr.Goool,RSSSF,https://rsssfbrasil.com/tablesae/br2011.htm,divergente
2011,17,Athletico Paranaense,41,38,10,11,17,38,55,-17,0.0,0.0,36.0,213028.0,213028.0,3798470.0,0.0,Sr.Goool,RSSSF,https://rsssfbrasil.com/tablesae/br2011.htm,divergente
2011,18,Ceará,39,38,10,9,19,47,64,-17,0.0,0.0,34.2,169595.0,186506.0,1507185.0,0.0,Sr.Goool,RSSSF,https://rsssfbrasil.com/tablesae/br2011.htm,divergente
2011,19,América Mineiro,37,38,8,13,17,51,69,-18,,,,,,,,,RSSSF,https://rsssfbrasil.com/tablesae/br2011.htm,divergente
2011,20,Avaí,31,38,7,10,21,45,75,-30,0.0,0.0,27.2,106789.0,106789.0,1429460.0,0.0,Sr.Goool,RSSSF,https://rsssfbrasil.com/tablesae/br2011.htm,divergente
2012,1,Fluminense,77,38,22,11,5,61,33,28,88.0,3.0,67.5,299185.0,240231.0,5969285.0,2142533.39,Sr.Goool,RSSSF,https://rsssfbrasil.com/tablesae/br2012.htm,ok
2012,2,Atlético Mineiro,72,38,20,12,6,64,37,27,117.0,10.0,63.2,360940.0,347204.0,12216670.0,5101526.38,Sr.Goool,RSSSF,https://rsssfbrasil.com/tablesae/br2012.htm,ok
2012,3,Grêmio,71,38,20,11,7,56,33,23,111.0,9.0,62.3,620655.0,447066.0,11204068.5,7399456.82,Sr.Goool,RSSSF,https://rsssfbrasil.com/tablesae/br2012.htm,ok
2012,4,São Paulo,66,38,20,6,12,59,37,22,102.0,6.0,57.9,511481.0,459485.0,10522733.0,7587281.479999999,Sr.Goool,RSSSF,https://rsssfbrasil.com/tablesae/br2012.htm,ok
2012,5,Vasco da Gama,58,38,16,10,12,45,44,1,93.0,3.0,50.9,189769.0,143618.0,4231400.0,481492.65,Sr.Goool,RSSSF,https://rsssfbrasil.com/tablesae/br2012.htm,ok
2012,6,Corinthians,57,38,15,12,11,51,39,12,91.0,3.0,50.0,483883.0,479226.0,14108083.18,8291695.33,Sr.Goool,RSSSF,https://rsssfbrasil.com/tablesae/br2012.htm,ok
2012,7,Botafogo,55,38,15,10,13,60,50,10,79.0,3.0,48.2,221490.0,161916.0,4900625.0,1137783.74,Sr.Goool,RSSSF,https://rsssfbrasil.com/tablesae/br2012.htm,ok
2012,8,Santos,53,38,13,14,11,50,44,6,86.0,4.0,46.5,186936.0,154049.0,2835299.0,515750.3399999999,Sr.Goool,RSSSF,https://rsssfbrasil.com/tablesae/br2012.htm,ok
2012,9,Cruzeiro,52,38,15,7,16,47,51,-4,130.0,9.0,45.6,284983.0,221867.0,6192640.0,2332731.24,Sr.Goool,RSSSF,https://rsssfbrasil.com/tablesae/br2012.htm,ok
2012,10,Internacional,52,38,13,13,12,44,40,4,113.0,6.0,45.6,176130.0,176130.0,2965040.0,1462304.2999999998,Sr.Goool,RSSSF,https://rsssfbrasil.com/tablesae/br2012.htm,ok
2012,11,Flamengo,50,38,12,14,12,39,46,-7,88.0,6.0,43.9,369030.0,232752.0,4765440.0,1603712.08,Sr.Goool,RSSSF,https://rsssfbrasil.com/tablesae/br2012.htm,ok
2012,12,Náutico,49,38,14,7,17,44,51,-7,90.0,6.0,43.0,261571.0,244989.0,4973265.0,4021843.560000001,Sr.Goool,RSSSF,https://rsssfbrasil.com/tablesae/br2012.htm,ok
2012,13,Coritiba,48,38,14,6,18,53,60,-7,107.0,7.0,42.1,238999.0,238999.0,4165547.0,-405304.91,Sr.Goool,RSSSF,https://rsssfbrasil.com/tablesae/br2012.htm,ok
2012,14,Ponte Preta,48,38,12,12,14,37,44,-7,97.0,3.0,42.1,148736.0,118518.0,1560181.0,319941.09,Sr.Goool,RSSSF,https://rsssfbrasil.com/tablesae/br2012.htm,ok
2012,15,Bahia,47,38,11,14,13,37,41,-4,114.0,2.0,41.2,386933.0,360634.0,7198040.0,4157953.86,Sr.Goool,RSSSF,https://rsssfbrasil.com/tablesae/br2012.htm,ok
2012,16,Portuguesa,45,38,10,15,13,39,41,-2,90.0,4.0,39.5,100083.0,80490.0,2245345.0,999940.65,Sr.Goool,RSSSF,https://rsssfbrasil.com/tablesae/br2012.htm,ok
2012,17,Sport,41,38,10,11,17,39,56,-17,99.0,8.0,36.0,416071.0,338402.0,6299800.0,4763939.589999999,Sr.Goool,RSSSF,https://rsssfbrasil.com/tablesae/br2012.htm,ok
2012,18,Palmeiras,34,38,9,7,22,39,54,-15,116.0,6.0,29.8,257400.0,227679.0,6419301.5,3407245.83,Sr.Goool,RSSSF,https://rsssfbrasil.com/tablesae/br2012.htm,ok
2012,19,Atlético Goianiense,30,38,7,9,22,37,67,-30,103.0,6.0,26.3,228549.0,106149.0,3408900.0,2406925.67,Sr.Goool,RSSSF,https://rsssfbrasil.com/tablesae/br2012.htm,ok
2012,20,Figueirense,30,38,7,9,22,39,72,-33,105.0,9.0,26.3,151988.0,151988.0,2822150.0,2087824.0599999996,Sr.Goool,RSSSF,https://rsssfbrasil.com/tablesae/br2012.htm,ok
2013,1,Cruzeiro,76,38,23,7,8,77,37,40,74.0,4.0,66.7,592704.0,549131.0,27852158.65,6164139.300000001,Sr.Goool,RSSSF,https://rsssfbrasil.com/tablesae/br2013.htm,ok
2013,2,Grêmio,65,38,18,11,9,42,35,7,80.0,6.0,57.0,390060.0,375520.0,14378798.0,11687941.68,Sr.Goool,RSSSF,https://rsssfbrasil.com/tablesae/br2013.htm,ok
2013,3,Athletico Paranaense,64,38,18,10,10,65,49,16,86.0,5.0,56.1,170551.0,166670.0,2952790.0,110461.22000000002,Sr.Goool,RSSSF,https://rsssfbrasil.com/tablesae/br2013.htm,ok
2013,4,Botafogo,61,38,17,10,11,55,41,14,83.0,3.0,53.5,537507.0,241014.0,9500280.0,2915168.94,Sr.Goool,RSSSF,https://rsssfbrasil.com/tablesae/br2013.htm,ok
2013,5,Vitória,59,38,16,11,11,59,53,6,67.0,1.0,51.8,298185.0,280814.0,5028201.5,2141564.99,Sr.Goool,RSSSF,https://rsssfbrasil.com/tablesae/br2013.htm,ok
2013,6,Goiás,59,38,16,11,11,48,44,4,69.0,5.0,51.8,460065.0,240921.0,5118940.0,3262814.1099999994,Sr.Goool,RSSSF,https://rsssfbrasil.com/tablesae/br2013.htm,ok
2013,7,Santos,57,38,15,12,11,51,38,13,81.0,3.0,50.0,239278.0,197698.0,10083404.0,5125860.42,Sr.Goool,RSSSF,https://rsssfbrasil.com/tablesae/br2013.htm,ok
2013,8,Atlético Mineiro,57,38,15,12,11,49,38,11,106.0,9.0,50.0,263454.0,217285.0,6861265.0,2208195.77,Sr.Goool,RSSSF,https://rsssfbrasil.com/tablesae/br2013.htm,ok
2013,9,São Paulo,50,38,14,8,16,39,40,-1,93.0,10.0,43.9,492705.0,439190.0,5847238.0,3588329.33,Sr.Goool,RSSSF,https://rsssfbrasil.com/tablesae/br2013.htm,ok
2013,10,Corinthians,50,38,11,17,10,27,22,5,67.0,3.0,43.9,466612.0,464376.0,15026991.5,9588102.14,Sr.Goool,RSSSF,https://rsssfbrasil.com/tablesae/br2013.htm,ok
2013,11,Coritiba,48,38,12,12,14,42,45,-3,99.0,3.0,42.1,278363.0,278363.0,5254211.0,317163.59,Sr.Goool,RSSSF,https://rsssfbrasil.com/tablesae/br2013.htm,ok
2013,12,Bahia,48,38,12,12,14,37,45,-8,105.0,7.0,42.1,372569.0,350539.0,9631899.0,2998747.960000001,Sr.Goool,RSSSF,https://rsssfbrasil.com/tablesae/br2013.htm,ok
2013,13,Internacional,48,38,11,15,12,51,52,-1,99.0,7.0,42.1,137446.0,137446.0,3190435.0,1715482.06,Sr.Goool,RSSSF,https://rsssfbrasil.com/tablesae/br2013.htm,ok
2013,14,Criciúma,46,38,13,7,18,49,63,-14,104.0,6.0,40.4,219409.0,219409.0,3691215.0,2834466.43,Sr.Goool,RSSSF,https://rsssfbrasil.com/tablesae/br2013.htm,ok
2013,15,Fluminense,46,38,12,10,16,43,47,-4,85.0,11.0,40.4,606132.0,335097.0,7718325.0,3254071.83,Sr.Goool,RSSSF,https://rsssfbrasil.com/tablesae/br2013.htm,ok
2013,16,Flamengo,45,38,12,13,13,43,46,-3,67.0,5.0,43.0,697326.0,444323.0,22571144.0,7925862.750000002,Sr.Goool,RSSSF,https://rsssfbrasil.com/tablesae/br2013.htm,ok
2013,17,Portuguesa,44,38,12,12,14,50,46,4,93.0,9.0,42.1,113284.0,91991.0,3114045.0,1251085.7900000005,Sr.Goool,RSSSF,https://rsssfbrasil.com/tablesae/br2013.htm,ok
2013,18,Vasco da Gama,44,38,11,11,16,50,61,-11,94.0,2.0,38.6,432880.0,334736.0,12443365.0,3306589.49,Sr.Goool,RSSSF,https://rsssfbrasil.com/tablesae/br2013.htm,ok
2013,19,Ponte Preta,37,38,9,10,19,37,55,-18,83.0,4.0,32.5,140138.0,121860.0,1057477.0,-133018.34,Sr.Goool,RSSSF,https://rsssfbrasil.com/tablesae/br2013.htm,ok
2013,20,Náutico,20,38,5,5,28,22,79,-57,78.0,3.0,17.5,380540.0,194972.0,5219012.0,4341299.590000001,Sr.Goool,RSSSF,https://rsssfbrasil.com/tablesae/br2013.htm,ok
2014,1,Cruzeiro,80,38,24,8,6,67,38,29,70.0,2.0,70.2,614524.0,563835.0,27585105.0,3872957.75,Sr.Goool,RSSSF,https://rsssfbrasil.com/tablesae/br2014.htm,ok
2014,2,São Paulo,70,38,20,10,8,59,40,19,93.0,4.0,61.4,594082.0,542329.0,14450274.0,8271768.490000001,Sr.Goool,RSSSF,https://rsssfbrasil.com/tablesae/br2014.htm,ok
2014,3,Internacional,69,38,21,6,11,53,41,12,98.0,6.0,60.5,424051.0,424051.0,14572865.0,10534084.2,Sr.Goool,RSSSF,https://rsssfbrasil.com/tablesae/br2014.htm,ok
2014,4,Corinthians,69,38,19,12,7,49,31,18,72.0,3.0,60.5,550501.0,550248.0,35068905.7,22376804.71,Sr.Goool,RSSSF,https://rsssfbrasil.com/tablesae/br2014.htm,ok
2014,5,Atlético Mineiro,62,38,17,11,10,51,38,13,83.0,2.0,54.4,305647.0,268508.0,6305742.5,2573512.64,Sr.Goool,RSSSF,https://rsssfbrasil.com/tablesae/br2014.htm,ok
2014,6,Fluminense,61,38,17,10,11,61,42,19,81.0,5.0,53.5,434775.0,351314.0,8170900.0,2583691.29,Sr.Goool,RSSSF,https://rsssfbrasil.com/tablesae/br2014.htm,ok
2014,7,Grêmio,61,38,17,10,11,36,24,12,99.0,3.0,53.5,419144.0,399600.0,13146094.71,10437678.3,Sr.Goool,RSSSF,https://rsssfbrasil.com/tablesae/br2014.htm,ok
2014,8,Athletico Paranaense,54,38,15,9,14,43,42,1,72.0,1.0,47.4,194851.0,183568.0,4475332.0,986019.71,Sr.Goool,RSSSF,https://rsssfbrasil.com/tablesae/br2014.htm,ok
2014,9,Santos,53,38,15,8,15,42,35,7,77.0,4.0,46.5,221089.0,175617.0,5858051.0,2684881.7499999995,Sr.Goool,RSSSF,https://rsssfbrasil.com/tablesae/br2014.htm,ok
2014,10,Flamengo,52,38,14,10,14,46,47,-1,69.0,4.0,45.6,611794.0,501806.0,19917405.0,5952879.96,Sr.Goool,RSSSF,https://rsssfbrasil.com/tablesae/br2014.htm,ok
2014,11,Sport,52,38,14,10,14,36,46,-10,76.0,2.0,45.6,446629.0,346179.0,7881200.0,5884029.380000001,Sr.Goool,RSSSF,https://rsssfbrasil.com/tablesae/br2014.htm,ok
2014,12,Goiás,47,38,13,8,17,38,40,-2,77.0,2.0,41.2,172577.0,131906.0,5176865.0,3072950.7299999995,Sr.Goool,RSSSF,https://rsssfbrasil.com/tablesae/br2014.htm,ok
2014,13,Figueirense,47,38,13,8,17,37,47,-10,100.0,10.0,41.2,159190.0,159182.0,3047045.0,2058439.66,Sr.Goool,RSSSF,https://rsssfbrasil.com/tablesae/br2014.htm,ok
2014,14,Coritiba,47,38,12,11,15,42,45,-3,98.0,2.0,41.2,234252.0,234252.0,5283850.5,1251399.77,Sr.Goool,RSSSF,https://rsssfbrasil.com/tablesae/br2014.htm,ok
2014,15,Chapecoense,43,38,11,10,17,39,44,-5,69.0,2.0,37.7,190394.0,190394.0,3651150.0,2683933.93,Sr.Goool,RSSSF,https://rsssfbrasil.com/tablesae/br2014.htm,ok
2014,16,Palmeiras,40,38,11,7,20,34,59,-25,96.0,7.0,35.1,392641.0,375343.0,16646940.0,9219672.1,Sr.Goool,RSSSF,https://rsssfbrasil.com/tablesae/br2014.htm,ok
2014,17,Vitória,38,38,10,8,20,37,54,-17,80.0,2.0,33.3,218024.0,195075.0,3000524.5,1044239.42,Sr.Goool,RSSSF,https://rsssfbrasil.com/tablesae/br2014.htm,ok
2014,18,Bahia,37,38,9,10,19,31,43,-12,106.0,7.0,32.5,232174.0,226414.0,6204300.5,1758827.06,Sr.Goool,RSSSF,https://rsssfbrasil.com/tablesae/br2014.htm,ok
2014,19,Botafogo,34,38,9,7,22,31,48,-17,94.0,9.0,29.8,288093.0,215878.0,12368175.0,3122080.66,Sr.Goool,RSSSF,https://rsssfbrasil.com/tablesae/br2014.htm,ok
2014,20,Criciúma,32,38,7,11,20,28,56,-28,118.0,5.0,28.1,172691.0,172691.0,2932180.0,2108028.22,Sr.Goool,RSSSF,https://rsssfbrasil.com/tablesae/br2014.htm,ok
2015,1,Corinthians,81,38,24,9,5,71,31,40,68.0,2.0,71.1,648949.0,648849.0,38740817.83,23958205.450000003,Sr.Goool,RSSSF,https://rsssfbrasil.com/tablesae/br2015.htm,ok
2015,2,Atlético Mineiro,69,38,21,6,11,65,47,18,82.0,4.0,60.5,475231.0,442539.0,16229190.5,1764098.94,Sr.Goool,RSSSF,https://rsssfbrasil.com/tablesae/br2015.htm,ok
2015,3,Grêmio,68,38,20,8,10,52,32,20,97.0,2.0,59.6,479730.0,479730.0,17751542.700000003,14514518.71,Sr.Goool,RSSSF,https://rsssfbrasil.com/tablesae/br2015.htm,ok
2015,4,São Paulo,62,38,18,8,12,53,47,6,81.0,5.0,54.4,490929.0,390670.0,10458717.0,6129164.080000001,Sr.Goool,RSSSF,https://rsssfbrasil.com/tablesae/br2015.htm,ok
2015,5,Internacional,60,38,17,9,12,39,38,1,107.0,6.0,52.6,360610.0,360610.0,9720965.0,6247172.540000001,Sr.Goool,RSSSF,https://rsssfbrasil.com/tablesae/br2015.htm,ok
2015,6,Sport,59,38,15,14,9,53,38,15,72.0,2.0,51.8,299478.0,271451.0,8086135.0,5388992.13,Sr.Goool,RSSSF,https://rsssfbrasil.com/tablesae/br2015.htm,ok
2015,7,Santos,58,38,16,10,12,59,41,18,87.0,9.0,50.9,179332.0,165133.0,5185600.0,1869983.17,Sr.Goool,RSSSF,https://rsssfbrasil.com/tablesae/br2015.htm,ok
2015,8,Cruzeiro,55,38,15,10,13,44,35,9,97.0,5.0,48.2,421552.0,419456.0,14236650.29,1660199.66,Sr.Goool,RSSSF,https://rsssfbrasil.com/tablesae/br2015.htm,ok
2015,9,Palmeiras,53,38,15,8,15,60,51,9,93.0,5.0,46.5,563564.0,563029.0,35314641.44,24163707.52,Sr.Goool,RSSSF,https://rsssfbrasil.com/tablesae/br2015.htm,ok
2015,10,Athletico Paranaense,51,38,14,9,15,43,48,-5,91.0,7.0,44.7,312173.0,312173.0,7340460.0,2352967.8800000004,Sr.Goool,RSSSF,https://rsssfbrasil.com/tablesae/br2015.htm,ok
2015,11,Ponte Preta,51,38,13,12,13,41,40,1,107.0,5.0,44.7,156418.0,105820.0,2994810.0,1505201.41,Sr.Goool,RSSSF,https://rsssfbrasil.com/tablesae/br2015.htm,ok
2015,12,Flamengo,49,38,15,4,19,45,53,-8,93.0,7.0,43.0,619842.0,588292.0,26009987.0,8014902.7,Sr.Goool,RSSSF,https://rsssfbrasil.com/tablesae/br2015.htm,ok
2015,13,Fluminense,47,38,14,5,19,40,49,-9,104.0,10.0,41.2,352729.0,310676.0,12393560.0,3830622.96,Sr.Goool,RSSSF,https://rsssfbrasil.com/tablesae/br2015.htm,ok
2015,14,Chapecoense,47,38,12,11,15,34,44,-10,86.0,3.0,41.2,172377.0,172377.0,3223820.0,2272954.98,Sr.Goool,RSSSF,https://rsssfbrasil.com/tablesae/br2015.htm,ok
2015,15,Coritiba,44,38,11,11,16,31,42,-11,117.0,5.0,38.6,252024.0,252014.0,5286070.0,603690.1500000001,Sr.Goool,RSSSF,https://rsssfbrasil.com/tablesae/br2015.htm,ok
2015,16,Figueirense,43,38,11,10,17,36,50,-14,119.0,5.0,37.7,165233.0,165233.0,3391910.0,2533951.7800000003,Sr.Goool,RSSSF,https://rsssfbrasil.com/tablesae/br2015.htm,ok
2015,17,Avaí,42,38,11,9,18,38,60,-22,121.0,3.0,36.8,161072.0,161072.0,3373804.0,2389414.65,Sr.Goool,RSSSF,https://rsssfbrasil.com/tablesae/br2015.htm,ok
2015,18,Vasco da Gama,41,38,10,11,17,28,54,-26,122.0,14.0,36.0,311249.0,244621.0,9865570.0,3080800.85,Sr.Goool,RSSSF,https://rsssfbrasil.com/tablesae/br2015.htm,ok
2015,19,Goiás,38,38,10,8,20,39,49,-10,95.0,3.0,33.3,146141.0,143491.0,3088437.5,2063462.93,Sr.Goool,RSSSF,https://rsssfbrasil.com/tablesae/br2015.htm,ok
2015,20,Joinville,31,38,7,10,21,26,48,-22,104.0,8.0,27.2,177265.0,177265.0,3462440.0,2207390.45,Sr.Goool,RSSSF,https://rsssfbrasil.com/tablesae/br2015.htm,ok
2016,1,Palmeiras,80,38,24,8,6,62,32,30,95.0,0.0,70.2,617016.0,616947.0,42311615.78,31243075.230000004,Sr.Goool,RSSSF,https://rsssfbrasil.com/tablesae/br2016.htm,ok
2016,2,Santos,71,38,22,5,11,59,35,24,78.0,4.0,62.3,227000.0,213282.0,8238765.0,3845201.87,Sr.Goool,RSSSF,https://rsssfbrasil.com/tablesae/br2016.htm,ok
2016,3,Flamengo,71,38,20,11,7,52,35,17,68.0,5.0,62.3,508361.0,466302.0,26160928.0,11231140.670000002,Sr.Goool,RSSSF,https://rsssfbrasil.com/tablesae/br2016.htm,ok
2016,4,Atlético Mineiro,62,37,17,11,9,61,50,11,76.0,4.0,55.9,379696.0,351689.0,10868249.0,-214138.96000000008,Sr.Goool,RSSSF,https://rsssfbrasil.com/tablesae/br2016.htm,ok
2016,5,Botafogo,59,38,17,8,13,43,39,4,95.0,2.0,51.8,183707.0,137907.0,3978590.0,72702.78000000006,Sr.Goool,RSSSF,https://rsssfbrasil.com/tablesae/br2016.htm,ok
2016,6,Athletico Paranaense,57,38,17,6,15,38,32,6,78.0,1.0,50.0,299275.0,299275.0,7166500.0,2330399.7700000005,Sr.Goool,RSSSF,https://rsssfbrasil.com/tablesae/br2016.htm,ok
2016,7,Corinthians,55,38,15,10,13,48,42,6,82.0,5.0,48.2,546516.0,546516.0,29197356.0,16984138.15,Sr.Goool,RSSSF,https://rsssfbrasil.com/tablesae/br2016.htm,ok
2016,8,Ponte Preta,53,38,15,8,15,48,52,-4,97.0,3.0,46.5,123516.0,100886.0,1729690.0,127248.41999999995,Sr.Goool,RSSSF,https://rsssfbrasil.com/tablesae/br2016.htm,ok
2016,9,Grêmio,53,38,14,11,13,41,44,-3,95.0,6.0,46.5,388510.0,388510.0,13503612.0,10655557.91,Sr.Goool,RSSSF,https://rsssfbrasil.com/tablesae/br2016.htm,ok
2016,10,São Paulo,52,38,14,10,14,44,36,8,95.0,5.0,45.6,518777.0,427746.0,9355409.0,4551111.87,Sr.Goool,RSSSF,https://rsssfbrasil.com/tablesae/br2016.htm,ok
2016,11,Chapecoense,52,37,13,13,11,49,53,-4,79.0,2.0,46.8,137015.0,137015.0,2650240.0,1755648.7300000002,Sr.Goool,RSSSF,https://rsssfbrasil.com/tablesae/br2016.htm,ok
2016,12,Cruzeiro,51,38,14,9,15,48,49,-1,103.0,9.0,44.7,397487.0,388877.0,10929460.0,1223291.7099999995,Sr.Goool,RSSSF,https://rsssfbrasil.com/tablesae/br2016.htm,ok
2016,13,Fluminense,50,38,13,11,14,45,45,0,88.0,1.0,43.9,229024.0,173644.0,5440157.0,2453268.6200000006,Sr.Goool,RSSSF,https://rsssfbrasil.com/tablesae/br2016.htm,ok
2016,14,Sport,47,38,13,8,17,49,55,-6,89.0,7.0,41.2,229682.0,227399.0,4272715.0,2540241.6699999995,Sr.Goool,RSSSF,https://rsssfbrasil.com/tablesae/br2016.htm,ok
2016,15,Coritiba,46,38,11,13,14,41,42,-1,100.0,4.0,40.4,187979.0,187979.0,4149680.0,82296.67000000001,Sr.Goool,RSSSF,https://rsssfbrasil.com/tablesae/br2016.htm,ok
2016,16,Vitória,45,38,12,9,17,51,53,-2,113.0,6.0,39.5,284445.0,265941.0,4214932.5,1930060.64,Sr.Goool,RSSSF,https://rsssfbrasil.com/tablesae/br2016.htm,ok
2016,17,Internacional,43,38,11,10,17,35,41,-6,102.0,5.0,37.7,483010.0,483010.0,12121036.0,7974946.91,Sr.Goool,RSSSF,https://rsssfbrasil.com/tablesae/br2016.htm,ok
2016,18,Figueirense,37,38,8,13,17,30,50,-20,94.0,8.0,32.5,125935.0,125935.0,2319195.0,1113834.6600000004,Sr.Goool,RSSSF,https://rsssfbrasil.com/tablesae/br2016.htm,ok
2016,19,Santa Cruz,31,38,8,7,23,45,69,-24,94.0,6.0,27.2,186421.0,153521.0,3019745.0,1897217.63,Sr.Goool,RSSSF,https://rsssfbrasil.com/tablesae/br2016.htm,ok
2016,20,América Mineiro,28,38,7,7,24,23,58,-35,,,,,,,,,RSSSF,https://rsssfbrasil.com/tablesae/br2016.htm,ok
2017,1,Corinthians,72,38,21,9,8,50,30,20,84.0,1.0,63.2,760142.0,760142.0,43774866.7,28703360.19,Sr.Goool,RSSSF,https://rsssfbrasil.com/tablesae/br2017.htm,ok
2017,2,Palmeiras,63,38,19,6,13,61,45,16,87.0,4.0,55.3,563532.0,563532.0,33099802.64,22728584.99,Sr.Goool,RSSSF,https://rsssfbrasil.com/tablesae/br2017.htm,ok
2017,3,Santos,63,38,17,12,9,42,32,10,100.0,4.0,55.3,220116.0,220116.0,7382985.0,2732742.85,Sr.Goool,RSSSF,https://rsssfbrasil.com/tablesae/br2017.htm,ok
2017,4,Grêmio,62,38,18,8,12,55,36,19,73.0,2.0,54.4,380067.0,374840.0,13097031.0,10182046.109999998,Sr.Goool,RSSSF,https://rsssfbrasil.com/tablesae/br2017.htm,ok
2017,5,Cruzeiro,57,38,15,12,11,47,39,8,89.0,5.0,50.0,279056.0,275911.0,6716871.0,1065417.1300000004,Sr.Goool,RSSSF,https://rsssfbrasil.com/tablesae/br2017.htm,ok
2017,6,Flamengo,56,38,15,11,12,49,38,11,78.0,2.0,49.1,294683.0,275323.0,13276273.0,2027657.1699999997,Sr.Goool,RSSSF,https://rsssfbrasil.com/tablesae/br2017.htm,ok
2017,7,Vasco da Gama,56,38,15,11,12,40,47,-7,,,,,,,,,RSSSF,https://rsssfbrasil.com/tablesae/br2017.htm,ok
2017,8,Chapecoense,54,38,15,9,14,47,49,-2,,,,,,,,,RSSSF,https://rsssfbrasil.com/tablesae/br2017.htm,ok
2017,9,Atlético Mineiro,54,38,14,12,12,52,49,3,109.0,3.0,47.4,271651.0,249904.0,6338522.0,-527668.8200000001,Sr.Goool,RSSSF,https://rsssfbrasil.com/tablesae/br2017.htm,ok
2017,10,Botafogo,53,38,14,11,13,45,42,3,96.0,2.0,46.5,205726.0,193679.0,4933195.0,-329429.27,Sr.Goool,RSSSF,https://rsssfbrasil.com/tablesae/br2017.htm,ok
2017,11,Athletico Paranaense,51,38,14,9,15,45,43,2,80.0,3.0,44.7,260911.0,260911.0,5732560.0,650571.3599999999,Sr.Goool,RSSSF,https://rsssfbrasil.com/tablesae/br2017.htm,ok
2017,12,Bahia,50,38,13,11,14,50,48,2,,,,,,,,,RSSSF,https://rsssfbrasil.com/tablesae/br2017.htm,ok
2017,13,São Paulo,50,38,13,11,14,48,49,-1,72.0,4.0,43.9,722398.0,669328.0,17465731.0,10625088.640000002,Sr.Goool,RSSSF,https://rsssfbrasil.com/tablesae/br2017.htm,ok
2017,14,Fluminense,47,38,11,14,13,50,53,-3,98.0,3.0,41.2,291865.0,274202.0,7252060.0,-3308754.52,Sr.Goool,RSSSF,https://rsssfbrasil.com/tablesae/br2017.htm,ok
2017,15,Sport,45,38,12,9,17,46,58,-12,92.0,4.0,39.5,234633.0,234633.0,4774238.0,2861483.3200000003,Sr.Goool,RSSSF,https://rsssfbrasil.com/tablesae/br2017.htm,ok
2017,16,Vitória,43,38,11,10,17,50,58,-8,103.0,7.0,37.7,229015.0,207318.0,3158315.5,1196440.53,Sr.Goool,RSSSF,https://rsssfbrasil.com/tablesae/br2017.htm,ok
2017,17,Coritiba,43,38,11,10,17,42,51,-9,107.0,5.0,37.7,272817.0,272617.0,6506890.0,1477204.5300000005,Sr.Goool,RSSSF,https://rsssfbrasil.com/tablesae/br2017.htm,ok
2017,18,Avaí,43,38,10,13,15,29,48,-19,,,,,,,,,RSSSF,https://rsssfbrasil.com/tablesae/br2017.htm,ok
2017,19,Ponte Preta,39,38,10,9,19,37,52,-15,,,,,,,,,RSSSF,https://rsssfbrasil.com/tablesae/br2017.htm,ok
2017,20,Atlético Goianiense,36,38,9,9,20,38,56,-18,87.0,3.0,31.6,151902.0,95885.0,3022690.0,1333452.4800000002,Sr.Goool,RSSSF,https://rsssfbrasil.com/tablesae/br2017.htm,ok
2018,1,Palmeiras,80,38,23,11,4,64,26,38,117.0,5.0,70.2,614776.0,614776.0,37185554.120000005,23750478.8,Sr.Goool,CBF,,ok
2018,2,Flamengo,72,38,21,9,8,59,29,30,82.0,10.0,63.2,909417.0,895652.0,25348501.5,3384230.670000001,Sr.Goool,CBF,,ok
2018,3,Internacional,69,38,19,12,7,51,29,22,96.0,6.0,60.5,532426.0,532426.0,16151399.5,11170592.329999998,Sr.Goool,CBF,,ok
2018,4,Grêmio,66,38,18,12,8,48,27,21,83.0,1.0,57.9,423019.0,423019.0,14451311.0,11616637.189999998,Sr.Goool,CBF,,ok
2018,5,São Paulo,63,38,16,15,7,46,34,12,98.0,6.0,55.3,728361.0,652098.0,23130264.5,16525681.48,Sr.Goool,CBF,,ok
2018,6,Atlético Mineiro,59,38,17,8,13,56,43,13,90,3,51,,,,,,CBF,,ok
2018,7,Athletico Paranaense,57,38,16,9,13,54,37,17,88.0,5.0,50.0,200832.0,200832.0,5054210.0,940496.11,Sr.Goool,CBF,,ok
2018,8,Cruzeiro,53,38,14,11,13,34,34,0,99.0,2.0,46.5,261892.0,256892.0,6018847.5,2405247.4400000004,Sr.Goool,CBF,,ok
2018,9,Botafogo,51,38,13,12,13,38,46,-8,90.0,5.0,44.7,229417.0,219824.0,3273742.5,-3280251.330000001,Sr.Goool,CBF,,ok
2018,10,Santos,50,38,13,11,14,46,40,6,88.0,4.0,43.9,200939.0,200939.0,5417214.0,1070364.67,Sr.Goool,CBF,,ok
2018,11,Bahia,48,38,12,12,14,39,41,-2,85.0,5.0,42.1,375444.0,366991.0,7252125.5,3184779.77,Sr.Goool,CBF,,ok
2018,12,Fluminense,45,38,12,9,17,32,46,-14,87.0,5.0,39.5,293878.0,274720.0,7760832.5,-3533799.4,Sr.Goool,CBF,,ok
2018,13,Corinthians,44,38,11,11,16,34,35,-1,77.0,3.0,38.6,595981.0,595981.0,25376680.15,16019081.340000002,Sr.Goool,CBF,,ok
2018,14,Chapecoense,44,38,11,11,16,34,50,-16,74.0,3.0,38.6,178446.0,178446.0,4866815.0,3376733.35,Sr.Goool,CBF,,ok
2018,15,Ceará,44,38,10,14,14,32,38,-6,91.0,3.0,38.6,545070.0,533496.0,9238633.0,5040321.739999999,Sr.Goool,CBF,,ok
2018,16,Vasco da Gama,43,38,10,13,15,41,48,-7,101.0,9.0,37.7,300160.0,282733.0,9474740.0,921456.78,Sr.Goool,CBF,,ok
2018,17,América Mineiro,40,38,10,10,18,30,47,-17,84,8,35,,,,,,CBF,,ok
2018,18,Sport,39,38,11,9,18,35,57,-22,78.0,4.0,36.8,217137.0,217137.0,3881225.0,2090974.87,Sr.Goool,CBF,,ok
2018,19,Vitória,37,38,9,10,19,36,63,-27,108.0,7.0,32.5,198391.0,174455.0,1831619.0,518631.24,Sr.Goool,CBF,,ok
2018,20,Paraná,23,38,4,11,23,18,57,-39,98.0,9.0,20.2,118236.0,118236.0,4716505.0,2385122.09,Sr.Goool,CBF,,ok
2019,1,Flamengo,90,38,28,6,4,86,37,49,90.0,3.0,78.9,1057660.0,1045477.0,53475752.7,26262073.569999997,Sr.Goool,CBF,,ok
2019,2,Santos,74,38,22,8,8,60,33,27,110.0,12.0,64.9,195860.0,195830.0,7425067.5,3194826.4600000004,Sr.Goool,CBF,,ok
2019,3,Palmeiras,74,38,21,11,6,61,32,29,78.0,5.0,64.9,531899.0,531269.0,29510234.200000003,17795079.509999998,Sr.Goool,CBF,,ok
2019,4,Grêmio,65,38,19,8,11,64,39,25,80.0,2.0,57.0,339690.0,316309.0,11523137.0,8619869.61,Sr.Goool,CBF,,ok
2019,5,Athletico Paranaense,64,38,18,10,10,51,32,19,83.0,2.0,56.1,287182.0,287182.0,8047985.0,2915156.66,Sr.Goool,CBF,,ok
2019,6,São Paulo,63,38,17,12,9,39,30,9,87.0,7.0,55.3,559203.0,559203.0,23997819.0,15919808.909999998,Sr.Goool,CBF,,ok
2019,7,Internacional,57,38,16,9,13,44,38,6,98.0,3.0,50.0,376664.0,376664.0,15053367.0,10295865.840000002,Sr.Goool,CBF,,ok
2019,8,Corinthians,56,38,14,14,10,42,34,8,72.0,2.0,49.1,625071.0,624261.0,31554927.44,19550991.8,Sr.Goool,CBF,,ok
2019,9,Fortaleza,53,38,15,8,15,50,49,1,84.0,13.0,46.5,646748.0,626996.0,9109310.0,2951404.1,Sr.Goool,CBF,,ok
2019,10,Goiás,52,38,15,7,16,46,64,-18,86.0,7.0,45.6,257414.0,256625.0,7951155.0,5097745.83,Sr.Goool,CBF,,ok
2019,11,Bahia,49,38,12,13,13,44,43,1,65.0,6.0,43.0,511166.0,500439.0,9798807.5,4121769.3300000015,Sr.Goool,CBF,,ok
2019,12,Vasco da Gama,49,38,12,13,13,39,45,-6,105.0,5.0,43.0,406412.0,388523.0,17760191.0,5920739.849999999,Sr.Goool,CBF,,ok
2019,13,Atlético Mineiro,48,38,13,9,16,44,49,-5,69,5,42,,,,,,CBF,,ok
2019,14,Fluminense,46,38,12,10,16,38,46,-8,87.0,12.0,40.4,429250.0,383977.0,9791060.0,-1743173.14,Sr.Goool,CBF,,ok
2019,15,Botafogo,43,38,13,4,21,31,45,-14,94.0,3.0,37.7,315322.0,302512.0,7983690.7,-1421040.02,Sr.Goool,CBF,,ok
2019,16,Ceará,39,38,10,9,19,36,41,-5,85.0,3.0,34.2,497995.0,494191.0,8215299.0,2773419.840000001,Sr.Goool,CBF,,ok
2019,17,Cruzeiro,36,38,7,15,16,27,46,-19,81.0,6.0,31.6,435766.0,426335.0,7452769.5,1218657.07,Sr.Goool,CBF,,ok
2019,18,CSA,32,38,8,8,22,24,58,-34,90.0,4.0,28.1,203539.0,203419.0,6730566.0,3521519.22,Sr.Goool,CBF,,ok
2019,19,Chapecoense,32,38,7,11,20,31,52,-21,80.0,6.0,28.1,114071.0,114071.0,4562352.5,1372421.2300000002,Sr.Goool,CBF,,ok
2019,20,Avaí,20,38,3,11,24,18,62,-44,79.0,10.0,17.5,146384.0,146384.0,7017940.9,422893.09,Sr.Goool,CBF,,ok
2020,1,Flamengo,71,38,21,8,9,68,48,20,90.0,4.0,62.3,0.0,0.0,0.0,0.0,Sr.Goool,CBF,,ok
2020,2,Internacional,70,38,20,10,8,61,35,26,91.0,9.0,61.4,0.0,0.0,0.0,0.0,Sr.Goool,CBF,,ok
2020,3,Atlético Mineiro,68,38,20,8,10,64,45,19,72,6,59,,,,,,CBF,,ok
2020,4,São Paulo,66,38,18,12,8,59,41,18,95.0,2.0,57.9,0.0,0.0,0.0,0.0,Sr.Goool,CBF,,ok
2020,5,Fluminense,64,38,18,10,10,55,42,13,85.0,5.0,56.1,0.0,0.0,0.0,0.0,Sr.Goool,CBF,,ok
2020,6,Grêmio,59,38,14,17,7,53,40,13,70.0,8.0,51.8,0.0,0.0,0.0,0.0,Sr.Goool,CBF,,ok
2020,7,Palmeiras,58,38,15,13,10,51,37,14,96.0,5.0,50.9,0.0,0.0,0.0,0.0,Sr.Goool,CBF,,ok
2020,8,Santos,54,38,14,12,12,52,51,1,87.0,6.0,47.4,0.0,0.0,0.0,0.0,Sr.Goool,CBF,,ok
2020,9,Athletico Paranaense,53,38,15,8,15,38,36,2,82.0,5.0,46.5,0.0,0.0,0.0,0.0,Sr.Goool,CBF,,ok
2020,10,Red Bull Bragantino,53,38,13,14,11,50,40,10,81.0,4.0,46.5,0.0,0.0,0.0,0.0,Sr.Goool,CBF,,ok
2020,11,Ceará,52,38,14,10,14,54,51,3,91.0,10.0,45.6,0.0,0.0,0.0,0.0,Sr.Goool,CBF,,ok
2020,12,Corinthians,51,38,13,12,13,45,45,0,83.0,10.0,44.7,0.0,0.0,0.0,0.0,Sr.Goool,CBF,,ok
2020,13,Atlético Goianiense,50,38,12,14,12,40,45,-5,82,6,43,,,,,,CBF,,ok
2020,14,Bahia,44,38,12,8,18,48,59,-11,87.0,8.0,38.6,0.0,0.0,0.0,0.0,Sr.Goool,CBF,,ok
2020,15,Sport,42,38,12,6,20,31,50,-19,98.0,7.0,36.8,0.0,0.0,0.0,0.0,Sr.Goool,CBF,,ok
2020,16,Fortaleza,41,38,10,11,17,34,44,-10,81.0,11.0,36.0,0.0,0.0,0.0,0.0,Sr.Goool,CBF,,ok
2020,17,Vasco da Gama,41,38,10,11,17,37,56,-19,87.0,7.0,36.0,0.0,0.0,0.0,0.0,Sr.Goool,CBF,,ok
2020,18,Goiás,37,38,9,10,19,41,63,-22,117.0,6.0,32.5,0.0,0.0,0.0,0.0,Sr.Goool,CBF,,ok
2020,19,Coritiba,31,38,7,10,21,31,54,-23,82.0,8.0,27.2,0.0,0.0,0.0,0.0,Sr.Goool,CBF,,ok
2020,20,Botafogo,27,38,5,12,21,32,62,-30,72.0,6.0,23.7,0.0,0.0,0.0,0.0,Sr.Goool,CBF,,ok
2021,1,Atlético Mineiro,84,38,26,6,6,67,34,33,82.0,4.0,73.7,368693.0,368693.0,29982020.05,22252215.98,Sr.Goool,CBF,,ok
2021,2,Flamengo,71,38,21,8,9,69,36,33,82.0,4.0,62.3,220911.0,207090.0,8510730.0,935159.38,Sr.Goool,CBF,,ok
2021,3,Palmeiras,66,38,20,6,12,58,43,15,85.0,11.0,57.9,111145.0,111145.0,6719750.48,4021150.02,Sr.Goool,CBF,,ok
2021,4,Fortaleza,58,38,17,7,14,44,45,-1,95.0,7.0,50.9,176307.0,176307.0,3656143.0,1378992.06,Sr.Goool,CBF,,ok
2021,5,Corinthians,57,38,15,12,11,40,36,4,61.0,3.0,50.0,261299.0,261299.0,14579192.7,8554192.44,Sr.Goool,CBF,,ok
2021,6,Red Bull Bragantino,56,38,14,14,10,55,46,9,95.0,3.0,49.1,20646.0,20646.0,553815.0,-242504.31,Sr.Goool,CBF,,ok
2021,7,Fluminense,54,38,15,9,14,38,38,0,91.0,4.0,47.4,124604.0,104309.0,3711567.5,-1464352.1299999997,Sr.Goool,CBF,,ok
2021,8,América Mineiro,53,38,13,14,11,41,37,4,66,2,46,,,,,,CBF,,ok
2021,9,Atlético Goianiense,53,38,13,14,11,33,36,-3,98,7,46,,,,,,CBF,,ok
2021,10,Santos,50,38,12,14,12,35,40,-5,103.0,4.0,43.9,75710.0,75710.0,1399720.0,2315.8800000000083,Sr.Goool,CBF,,ok
2021,11,Ceará,50,38,11,17,10,39,38,1,90.0,5.0,43.9,150002.0,150002.0,2317687.0,630590.1699999999,Sr.Goool,CBF,,ok
2021,12,Internacional,48,38,12,12,14,44,42,2,106.0,11.0,42.1,109764.0,109764.0,5599923.0,3948385.49,Sr.Goool,CBF,,ok
2021,13,São Paulo,48,38,11,15,12,31,39,-8,100.0,7.0,42.1,225908.0,225908.0,8459559.0,5395040.290000001,Sr.Goool,CBF,,ok
2021,14,Athletico Paranaense,47,38,13,8,17,41,45,-4,87.0,5.0,41.2,77198.0,77198.0,2307480.0,695125.25,Sr.Goool,CBF,,ok
2021,15,Cuiabá,47,38,10,17,11,34,37,-3,84.0,7.0,41.2,71456.0,71456.0,3397690.15,1815747.24,Sr.Goool,CBF,,ok
2021,16,Juventude,46,38,11,13,14,36,44,-8,93.0,4.0,40.4,43524.0,43524.0,1161430.0,663664.72,Sr.Goool,CBF,,ok
2021,17,Grêmio,43,38,12,7,19,44,51,-7,110.0,7.0,37.7,80748.0,80748.0,3326698.0,2096741.81,Sr.Goool,CBF,,ok
2021,18,Bahia,43,38,11,10,17,42,51,-9,94.0,5.0,37.7,148110.0,146833.0,3013284.0,1209353.42,Sr.Goool,CBF,,ok
2021,19,Sport,38,38,9,11,18,24,37,-13,94.0,5.0,33.3,31640.0,31640.0,1294215.0,965928.06,Sr.Goool,CBF,,ok
2021,20,Chapecoense,15,38,1,12,25,27,67,-40,82.0,10.0,13.2,13911.0,13911.0,524477.5,-156769.95,Sr.Goool,CBF,,ok
2022,1,Palmeiras,81,38,23,12,3,66,27,39,84.0,6.0,71.1,682910.0,682910.0,45421019.56,33720379.96,Sr.Goool,CBF,,ok
2022,2,Internacional,73,38,20,13,5,58,31,27,94.0,5.0,64.0,435144.0,435144.0,20329302.0,15192900.36,Sr.Goool,CBF,,ok
2022,3,Fluminense,70,38,21,7,10,63,41,22,85.0,11.0,61.4,632899.0,536987.0,16859882.5,552827.1100000001,Sr.Goool,CBF,,ok
2022,4,Corinthians,65,38,18,11,9,44,36,8,84.0,6.0,57.0,736636.0,736636.0,46369062.25,29128077.23,Sr.Goool,CBF,,ok
2022,5,Flamengo,62,38,18,8,12,60,39,21,83.0,4.0,54.4,1007500.0,983381.0,47704419.0,20936993.539999995,Sr.Goool,CBF,,ok
2022,6,Athletico Paranaense,58,38,16,10,12,48,48,0,95.0,4.0,50.9,355021.0,355021.0,10222210.0,2537238.54,Sr.Goool,CBF,,ok
2022,7,Atlético Mineiro,58,38,15,13,10,45,37,8,94.0,3.0,50.9,485984.0,485984.0,19168137.49,9289860.9,Sr.Goool,CBF,,ok
2022,8,Fortaleza,55,38,15,10,13,46,39,7,88.0,8.0,48.2,626267.0,626267.0,11043596.0,3920794.44,Sr.Goool,CBF,,ok
2022,9,São Paulo,54,38,13,15,10,55,42,13,102.0,9.0,47.4,572517.0,572517.0,25534769.0,17170537.580000002,Sr.Goool,CBF,,ok
2022,10,América Mineiro,53,38,15,8,15,40,40,0,88,5,46,,,,,,CBF,,ok
2022,11,Botafogo,53,38,15,8,15,41,43,-2,99.0,6.0,46.5,539682.0,362236.0,10689768.0,2041661.05,Sr.Goool,CBF,,ok
2022,12,Santos,47,38,12,11,15,44,41,3,102.0,7.0,41.2,225046.0,225046.0,8186393.75,3141768.34,Sr.Goool,CBF,,ok
2022,13,Goiás,46,38,11,13,14,40,53,-13,117.0,8.0,40.4,168048.0,168048.0,4313735.0,2715342.89,Sr.Goool,CBF,,ok
2022,14,Red Bull Bragantino,44,38,11,11,16,49,59,-10,93.0,7.0,38.6,90607.0,90607.0,2494755.0,-174925.07,Sr.Goool,CBF,,ok
2022,15,Coritiba,42,38,12,6,20,39,60,-21,113.0,12.0,36.8,391549.0,391549.0,7982720.0,-156183.1,Sr.Goool,CBF,,ok
2022,16,Cuiabá,41,38,10,11,17,31,42,-11,82.0,11.0,36.0,241396.0,241396.0,12055730.02,7753298.6400000015,Sr.Goool,CBF,,ok
2022,17,Ceará,37,38,7,16,15,34,41,-7,127.0,10.0,32.5,525085.0,518006.0,8047354.0,2803667.67,Sr.Goool,CBF,,ok
2022,18,Atlético Goianiense,36,38,8,12,18,39,57,-18,104,9,31,,,,,,CBF,,ok
2022,19,Avaí,35,38,9,8,21,34,60,-26,102.0,4.0,30.7,153821.0,153821.0,6028794.0,866125.61,Sr.Goool,CBF,,ok
2022,20,Juventude,22,38,3,13,22,29,69,-40,112.0,8.0,19.3,63010.0,63010.0,2205965.0,753826.01,Sr.Goool,CBF,,ok
2023,1,Palmeiras,70,38,20,10,8,64,33,31,101.0,7.0,61.4,630174.0,630174.0,45913023.53000001,31963411.16,Sr.Goool,CBF,,ok
2023,2,Grêmio,68,38,21,5,12,63,56,7,98.0,6.0,59.6,596319.0,596319.0,41833455.0,32105218.22,Sr.Goool,CBF,,ok
2023,3,Atlético Mineiro,66,38,19,9,10,52,32,20,115.0,7.0,57.9,531801.0,531801.0,31257993.05,15798162.13,Sr.Goool,CBF,,ok
2023,4,Flamengo,66,38,19,9,10,56,42,14,89.0,5.0,57.9,1052782.0,1035482.0,69555166.5,31758440.95,Sr.Goool,CBF,,ok
2023,5,Botafogo,64,38,18,10,10,58,37,21,95.0,8.0,56.1,577582.0,507130.0,24140293.0,3856245.59,Sr.Goool,CBF,,ok
2023,6,Red Bull Bragantino,62,38,17,11,10,49,35,14,110.0,7.0,54.4,114870.0,114870.0,4413725.0,619835.4700000001,Sr.Goool,CBF,,ok
2023,7,Fluminense,56,38,16,8,14,51,47,4,130.0,12.0,49.1,724868.0,565877.0,25904767.5,4655594.26,Sr.Goool,CBF,,ok
2023,8,Athletico Paranaense,56,38,14,14,10,51,43,8,113.0,4.0,49.1,423374.0,423374.0,18560780.0,5616820.869999998,Sr.Goool,CBF,,ok
2023,9,Internacional,55,38,15,10,13,46,45,1,113.0,6.0,48.2,519185.0,519185.0,23306620.0,16972350.750000004,Sr.Goool,CBF,,ok
2023,10,Fortaleza,54,38,15,9,14,45,44,1,100.0,2.0,47.4,622949.0,622949.0,10722226.0,3534910.1500000004,Sr.Goool,CBF,,ok
2023,11,São Paulo,53,38,14,11,13,40,38,2,107.0,7.0,46.5,832196.0,832196.0,47780667.5,35174601.190000005,Sr.Goool,CBF,,ok
2023,12,Cuiabá,51,38,14,9,15,40,39,1,100.0,4.0,44.7,279319.0,279319.0,14867405.0,8440936.569999998,Sr.Goool,CBF,,ok
2023,13,Corinthians,50,38,12,14,12,47,48,-1,95.0,3.0,43.9,691073.0,691073.0,42912860.27,25062067.27,Sr.Goool,CBF,,ok
2023,14,Cruzeiro,47,38,11,14,13,35,32,3,101.0,6.0,41.2,527528.0,527528.0,25853519.75,15994075.530000005,Sr.Goool,CBF,,ok
2023,15,Vasco da Gama,45,38,12,9,17,41,51,-10,103,8,39,,,,,,CBF,,ok
2023,16,Bahia,44,38,12,8,18,50,53,-3,96.0,8.0,38.6,693127.0,693127.0,22585416.520000003,11761172.339999998,Sr.Goool,CBF,,ok
2023,17,Santos,43,38,11,10,17,39,64,-25,102.0,9.0,37.7,182206.0,182206.0,8369552.5,2599883.0300000003,Sr.Goool,CBF,,ok
2023,18,Goiás,38,38,9,11,18,36,53,-17,109.0,8.0,33.3,146257.0,146257.0,5045215.0,2955827.86,Sr.Goool,CBF,,ok
2023,19,Coritiba,30,38,8,6,24,41,73,-32,68,6,26,,,,,,CBF,,ok
2023,20,América Mineiro,24,38,5,9,24,42,81,-39,86,11,21,,,,,,CBF,,ok
2024,1,Botafogo,79,38,23,10,5,59,29,30,107.0,7.0,69.3,552530.0,489731.0,33948078.0,7002636.380000001,Sr.Goool,CBF,,ok
2024,2,Palmeiras,73,38,22,7,9,60,33,27,106.0,8.0,64.0,595237.0,595237.0,49509850.93000001,33913696.88,Sr.Goool,CBF,,ok
2024,3,Flamengo,70,38,20,10,8,61,42,19,75.0,4.0,61.4,992993.0,970602.0,59579263.5,21910628.85,Sr.Goool,CBF,,ok
2024,4,Fortaleza,68,38,19,11,8,53,39,14,107.0,10.0,59.6,591382.0,591382.0,12874175.0,3618889.97,Sr.Goool,CBF,,ok
2024,5,Internacional,65,38,18,11,9,53,36,17,103.0,6.0,57.0,585584.0,585584.0,28906272.5,22128254.76,Sr.Goool,CBF,,ok
2024,6,São Paulo,59,38,17,8,13,53,43,10,111.0,7.0,51.8,758157.0,758157.0,45198850.5,29990582.649999995,Sr.Goool,CBF,,ok
2024,7,Corinthians,56,38,15,11,12,54,45,9,116.0,10.0,49.1,828501.0,828501.0,48476459.5,26754204.57,Sr.Goool,CBF,,ok
2024,8,Bahia,53,38,15,8,15,49,49,0,86.0,1.0,46.5,684409.0,684409.0,24226601.32,9793849.54,Sr.Goool,CBF,,ok
2024,9,Cruzeiro,52,38,14,10,14,43,41,2,100.0,8.0,45.6,540511.0,540511.0,26914666.85,15683567.43,Sr.Goool,CBF,,ok
2024,10,Vasco da Gama,50,38,14,8,16,43,56,-13,94.0,7.0,43.9,404164.0,384719.0,25055697.0,6271387.779999999,Sr.Goool,CBF,,ok
2024,11,Vitória,47,38,13,8,17,45,52,-7,110.0,7.0,41.2,441731.0,441731.0,12229085.0,4764000.970000001,Sr.Goool,CBF,,ok
2024,12,Atlético Mineiro,47,38,11,14,13,47,54,-7,109.0,14.0,41.2,463380.0,463380.0,28839348.48,19161255.59,Sr.Goool,CBF,,ok
2024,13,Fluminense,46,38,12,10,16,33,39,-6,118.0,13.0,40.4,738270.0,611240.0,25519499.0,648363.6100000003,Sr.Goool,CBF,,ok
2024,14,Grêmio,45,38,12,9,17,44,50,-6,93.0,8.0,39.5,387680.0,386556.0,24562866.0,16540811.160000004,Sr.Goool,CBF,,ok
2024,15,Juventude,45,38,11,12,15,48,59,-11,106.0,14.0,39.5,164750.0,164750.0,9009682.0,6109479.420000001,Sr.Goool,CBF,,ok
2024,16,Red Bull Bragantino,44,38,10,14,14,44,48,-4,109.0,7.0,38.6,113746.0,113746.0,4851305.0,1389761.15,Sr.Goool,CBF,,ok
2024,17,Athletico Paranaense,42,38,11,9,18,40,46,-6,98.0,10.0,36.8,575957.0,575957.0,20925900.0,15849283.180000002,Sr.Goool,CBF,,ok
2024,18,Criciúma,38,38,9,11,18,42,61,-19,98.0,6.0,33.3,259676.0,259676.0,11957020.0,-1376071.64,Sr.Goool,CBF,,ok
2024,19,Atlético Goianiense,30,38,7,9,22,29,58,-29,105.0,14.0,26.3,136189.0,136189.0,9383950.0,7144657.939999999,Sr.Goool,CBF,,ok
2024,20,Cuiabá,30,38,6,12,20,29,49,-20,118.0,2.0,26.3,108916.0,108916.0,8512665.05,3779456.53,Sr.Goool,CBF,,ok
2025,1,Flamengo,79,38,23,10,5,78,27,51,78.0,5.0,69.3,1131351.0,1112519.0,81773984.0,47014391.76,Sr.Goool,CBF,,ok
2025,2,Palmeiras,76,38,23,7,8,66,33,33,86.0,8.0,66.7,663772.0,663772.0,47680680.99999999,31581482.86,Sr.Goool,CBF,,ok
2025,3,Cruzeiro,70,38,19,13,6,55,31,24,105.0,5.0,61.4,762999.0,762999.0,44959741.96,37012254.37,Sr.Goool,CBF,,ok
2025,4,Mirassol,67,38,18,13,7,63,39,24,93.0,3.0,58.8,119444.0,119444.0,7427960.0,3705936.560000001,Sr.Goool,CBF,,ok
2025,5,Fluminense,64,38,19,7,12,50,39,11,82.0,5.0,56.1,577676.0,507761.0,24651439.5,7630453.06,Sr.Goool,CBF,,ok
2025,6,Botafogo,63,38,17,12,9,58,38,20,93.0,6.0,55.3,357662.0,280677.0,15519520.0,-1754387.3,Sr.Goool,CBF,,ok
2025,7,Bahia,60,38,17,9,12,50,46,4,86.0,6.0,52.6,725039.0,725039.0,26505687.0,8932411.48,Sr.Goool,CBF,,ok
2025,8,São Paulo,51,38,14,9,15,43,47,-4,102.0,6.0,44.7,544420.0,544420.0,28598317.5,15859213.44,Sr.Goool,CBF,,ok
2025,9,Grêmio,49,38,13,10,15,47,50,-3,111.0,6.0,43.0,484785.0,484785.0,26960631.0,18603419.239999995,Sr.Goool,CBF,,ok
2025,10,Red Bull Bragantino,48,38,14,6,18,45,57,-12,114.0,4.0,42.1,93413.0,93413.0,3494345.0,-1073715.85,Sr.Goool,CBF,,ok
2025,11,Atlético Mineiro,48,38,12,12,14,43,44,-1,96.0,9.0,42.1,457655.0,457655.0,24078786.160000004,10769923.249999998,Sr.Goool,CBF,,ok
2025,12,Santos,47,38,12,11,15,45,50,-5,92.0,4.0,41.2,323216.0,323216.0,21513965.04,8474013.640000002,Sr.Goool,CBF,,ok
2025,13,Corinthians,47,38,12,11,15,42,47,-5,110.0,9.0,41.2,758737.0,758737.0,54079722.4,30550453.55,Sr.Goool,CBF,,ok
2025,14,Vasco da Gama,45,38,13,6,19,55,60,-5,79.0,6.0,39.5,418426.0,407943.0,30996515.5,14039395.759999998,Sr.Goool,CBF,,ok
2025,15,Vitória,45,38,11,12,15,35,52,-17,109.0,9.0,39.5,420730.0,420730.0,11116695.0,2834748.83,Sr.Goool,CBF,,ok
2025,16,Internacional,44,38,11,11,16,44,57,-13,90.0,7.0,38.6,462940.0,462940.0,21838754.62,15099842.760000002,Sr.Goool,CBF,,ok
2025,17,Ceará,43,38,11,10,17,34,40,-6,89.0,4.0,37.7,659337.0,659337.0,13693446.0,4593016.77,Sr.Goool,CBF,,ok
2025,18,Fortaleza,43,38,11,10,17,43,58,-15,108.0,10.0,37.7,501420.0,501420.0,11081455.0,3473877.7800000003,Sr.Goool,CBF,,ok
2025,19,Juventude,35,38,9,8,21,35,69,-34,110.0,7.0,30.7,153139.0,153139.0,8686712.0,6190578.320000001,Sr.Goool,CBF,,ok
2025,20,Sport,17,38,2,11,25,28,75,-47,98.0,4.0,14.9,266062.0,266062.0,13406860.0,6164731.370000002,Sr.Goool,CBF,,ok
2026,1,Palmeiras,41,18,12,5,1,30,13,17,40,4,75.9,242588,242588,17312130.47,10722261.900000002,Sr.Goool,Sr.Goool,https://www.srgoool.com.br/plugin/2026/Brasileirao/Serie-A,ok
2026,2,Flamengo,34,17,10,4,3,31,16,15,41,6,66.7,462556,456335,37794105.0,22048868.24,Sr.Goool,Sr.Goool,https://www.srgoool.com.br/plugin/2026/Brasileirao/Serie-A,ok
2026,3,Fluminense,31,18,9,4,5,28,23,5,50,2,57.4,244814,209514,11862803.5,2483219.4300000006,Sr.Goool,Sr.Goool,https://www.srgoool.com.br/plugin/2026/Brasileirao/Serie-A,ok
2026,4,Athletico Paranaense,30,18,9,3,6,24,18,6,45,2,55.6,244815,244815,12708900.0,10626724.14,Sr.Goool,Sr.Goool,https://www.srgoool.com.br/plugin/2026/Brasileirao/Serie-A,ok
2026,5,Red Bull Bragantino,29,18,9,2,7,25,19,6,53,2,53.7,38660,38660,1659565.0,-593866.38,Sr.Goool,Sr.Goool,https://www.srgoool.com.br/plugin/2026/Brasileirao/Serie-A,ok
2026,6,Bahia,26,17,7,5,5,25,23,2,45,3,51.0,300206,300206,9632026.3,3374315.97,Sr.Goool,Sr.Goool,https://www.srgoool.com.br/plugin/2026/Brasileirao/Serie-A,ok
2026,7,Coritiba,26,18,7,5,6,24,24,0,34,8,48.1,191799,191799,7860216.0,5053284.1,Sr.Goool,Sr.Goool,https://www.srgoool.com.br/plugin/2026/Brasileirao/Serie-A,ok
2026,8,São Paulo,25,18,7,4,7,23,20,3,44,2,46.3,199815,199815,11294988.0,6614103.53,Sr.Goool,Sr.Goool,https://www.srgoool.com.br/plugin/2026/Brasileirao/Serie-A,ok
2026,9,Atlético Mineiro,24,18,7,3,8,22,23,-1,28,4,44.4,182337,182337,9191525.68,4060878.41,Sr.Goool,Sr.Goool,https://www.srgoool.com.br/plugin/2026/Brasileirao/Serie-A,ok
2026,10,Corinthians,24,18,6,6,6,18,19,-1,48,7,44.4,315683,315683,23343579.8,14183463.97,Sr.Goool,Sr.Goool,https://www.srgoool.com.br/plugin/2026/Brasileirao/Serie-A,ok
2026,11,Cruzeiro,24,18,6,6,6,24,28,-4,41,4,44.4,278560,278560,16929478.0,14877039.84,Sr.Goool,Sr.Goool,https://www.srgoool.com.br/plugin/2026/Brasileirao/Serie-A,ok
2026,12,Botafogo,22,17,6,4,7,31,31,0,54,3,43.1,110122,98670,5024211.0,327105.51,Sr.Goool,Sr.Goool,https://www.srgoool.com.br/plugin/2026/Brasileirao/Serie-A,ok
2026,13,Vitória,22,17,6,4,7,21,25,-4,46,1,43.1,160002,160002,4321453.0,877513.8799999999,Sr.Goool,Sr.Goool,https://www.srgoool.com.br/plugin/2026/Brasileirao/Serie-A,ok
2026,14,Internacional,21,18,5,6,7,21,22,-1,50,1,38.9,197438,197438,10249968.0,7326730.350000001,Sr.Goool,Sr.Goool,https://www.srgoool.com.br/plugin/2026/Brasileirao/Serie-A,ok
2026,15,Santos,21,18,5,6,7,26,29,-3,54,8,38.9,145669,145669,9642797.53,4353316.399999999,Sr.Goool,Sr.Goool,https://www.srgoool.com.br/plugin/2026/Brasileirao/Serie-A,ok
2026,16,Grêmio,21,18,5,6,7,20,23,-3,43,6,38.9,241210,241210,15166913.88,10934319.92,Sr.Goool,Sr.Goool,https://www.srgoool.com.br/plugin/2026/Brasileirao/Serie-A,ok
2026,17,Vasco da Gama,20,18,5,5,8,22,29,-7,40,3,37.0,180891,173601,11559771.5,4044192.44,Sr.Goool,Sr.Goool,https://www.srgoool.com.br/plugin/2026/Brasileirao/Serie-A,ok
2026,18,Remo,18,18,4,6,8,21,29,-8,34,5,33.3,197538,197538,14986515.0,10020153.46,Sr.Goool,Sr.Goool,https://www.srgoool.com.br/plugin/2026/Brasileirao/Serie-A,ok
2026,19,Mirassol,16,17,4,4,9,18,24,-6,49,5,31.4,50387,50387,2220560.0,490364.25000000006,Sr.Goool,Sr.Goool,https://www.srgoool.com.br/plugin/2026/Brasileirao/Serie-A,ok
2026,20,Chapecoense,9,17,1,6,10,17,33,-16,37,4,17.6,107395,107395,6075930.0,1430504.15,Sr.Goool,Sr.Goool,https://www.srgoool.com.br/plugin/2026/Brasileirao/Serie-A,ok
