ano,posicao,time,pts,jogos,vitorias,empates,derrotas,gols_pro,gols_contra,saldo_gols,cartoes_amarelos,cartoes_vermelhos,aproveitamento
2018,1,Palmeiras,80,38,23,11,4,64,26,38,117,5,70
2018,2,Flamengo,72,38,21,9,8,59,29,30,83,10,63
2018,3,Internacional,69,38,19,12,7,51,29,22,96,6,60
2018,4,Grêmio,66,38,18,12,8,48,27,21,83,1,57
2018,5,São Paulo,63,38,16,15,7,46,34,12,98,6,55
2018,6,Atlético,59,38,17,8,13,56,43,13,90,3,51
2018,7,Athletico Paranaense,57,38,16,9,13,54,37,17,88,5,50
2018,8,Cruzeiro,53,38,14,11,13,34,34,0,99,2,46
2018,9,Botafogo,51,38,13,12,13,38,46,-8,90,5,44
2018,10,Santos,50,38,13,11,14,46,40,6,88,3,43
2018,11,Bahia,48,38,12,12,14,39,41,-2,85,4,42
2018,12,Fluminense,45,38,12,9,17,32,46,-14,87,5,39
2018,13,Corinthians,44,38,11,11,16,34,35,-1,77,3,38
2018,14,Chapecoense,44,38,11,11,16,34,50,-16,74,3,38
2018,15,Ceará,44,38,10,14,14,32,38,-6,91,3,38
2018,16,Vasco da Gama,43,38,10,13,15,41,48,-7,101,9,37
2018,17,America Fc,40,38,10,10,18,30,47,-17,84,8,35
2018,18,Sport,39,38,11,9,18,35,57,-22,78,4,34
2018,19,Vitória,37,38,9,10,19,36,63,-27,108,7,32
2018,20,Paraná,23,38,4,11,23,18,57,-39,98,9,20
2019,1,Flamengo,90,38,28,6,4,86,37,49,90,3,78
2019,2,Santos,74,38,22,8,8,60,33,27,110,12,64
2019,3,Palmeiras,74,38,21,11,6,61,32,29,78,5,64
2019,4,Grêmio,65,38,19,8,11,64,39,25,80,2,57
2019,5,Athletico Paranaense,64,38,18,10,10,51,32,19,83,2,56
2019,6,São Paulo,63,38,17,12,9,39,30,9,87,7,55
2019,7,Internacional,57,38,16,9,13,44,38,6,98,3,50
2019,8,Corinthians,56,38,14,14,10,42,34,8,72,2,49
2019,9,Fortaleza,53,38,15,8,15,50,49,1,85,13,46
2019,10,Goiás,52,38,15,7,16,46,64,-18,86,7,45
2019,11,Bahia,49,38,12,13,13,44,43,1,65,6,42
2019,12,Vasco da Gama,49,38,12,13,13,39,45,-6,105,5,42
2019,13,Atlético,48,38,13,9,16,44,49,-5,69,5,42
2019,14,Fluminense,46,38,12,10,16,38,46,-8,87,12,40
2019,15,Botafogo,43,38,13,4,21,31,45,-14,94,3,37
2019,16,Ceará,39,38,10,9,19,36,41,-5,85,3,34
2019,17,Cruzeiro,36,38,7,15,16,27,46,-19,81,6,31
2019,18,Csa,32,38,8,8,22,24,58,-34,90,4,28
2019,19,Chapecoense,32,38,7,11,20,31,52,-21,79,6,28
2019,20,Avaí,20,38,3,11,24,18,62,-44,79,10,17
2020,1,Flamengo,71,38,21,8,9,68,48,20,90,4,62
2020,2,Internacional,70,38,20,10,8,61,35,26,91,9,61
2020,3,Atlético,68,38,20,8,10,64,45,19,72,6,59
2020,4,São Paulo,66,38,18,12,8,59,41,18,95,2,57
2020,5,Fluminense,64,38,18,10,10,55,42,13,85,5,56
2020,6,Grêmio,59,38,14,17,7,53,40,13,70,8,51
2020,7,Palmeiras,58,38,15,13,10,51,37,14,96,5,50
2020,8,Santos,54,38,14,12,12,52,51,1,86,6,47
2020,9,Athletico Paranaense,53,38,15,8,15,38,36,2,82,5,46
2020,10,Red Bull Bragantino,53,38,13,14,11,50,40,10,81,4,46
2020,11,Ceará,52,38,14,10,14,54,51,3,91,10,45
2020,12,Corinthians,51,38,13,12,13,45,45,0,83,10,44
2020,13,Atlético,50,38,12,14,12,40,45,-5,82,6,43
2020,14,Bahia,44,38,12,8,18,48,59,-11,88,8,38
2020,15,Sport,42,38,12,6,20,31,50,-19,98,7,36
2020,16,Fortaleza,41,38,10,11,17,34,44,-10,82,11,35
2020,17,Vasco da Gama,41,38,10,11,17,37,56,-19,87,7,35
2020,18,Goiás,37,38,9,10,19,41,63,-22,117,6,32
2020,19,Coritiba,31,38,7,10,21,31,54,-23,82,8,27
2020,20,Botafogo,27,38,5,12,21,32,62,-30,72,6,23
2021,1,Atlético Mineiro,84,38,26,6,6,67,34,33,82,4,73
2021,2,Flamengo,71,38,21,8,9,69,36,33,82,4,62
2021,3,Palmeiras,66,38,20,6,12,58,43,15,87,11,57
2021,4,Fortaleza,58,38,17,7,14,44,45,-1,95,7,50
2021,5,Corinthians,57,38,15,12,11,40,36,4,61,3,50
2021,6,Red Bull Bragantino,56,38,14,14,10,55,46,9,95,3,49
2021,7,Fluminense,54,38,15,9,14,38,38,0,91,4,47
2021,8,America,53,38,13,14,11,41,37,4,66,2,46
2021,9,Atlético,53,38,13,14,11,33,36,-3,98,7,46
2021,10,Santos,50,38,12,14,12,35,40,-5,103,4,43
2021,11,Ceará,50,38,11,17,10,39,38,1,90,5,43
2021,12,Internacional,48,38,12,12,14,44,42,2,106,11,42
2021,13,São Paulo,48,38,11,15,12,31,39,-8,100,7,42
2021,14,Athletico Paranaense,47,38,13,8,17,41,45,-4,90,6,41
2021,15,Cuiabá,47,38,10,17,11,34,37,-3,84,7,41
2021,16,Juventude,46,38,11,13,14,36,44,-8,93,4,40
2021,17,Grêmio,43,38,12,7,19,44,51,-7,110,7,37
2021,18,Bahia,43,38,11,10,17,42,51,-9,94,5,37
2021,19,Sport,38,38,9,11,18,24,37,-13,94,5,33
2021,20,Chapecoense,15,38,1,12,25,27,67,-40,82,10,13
2022,1,Palmeiras,81,38,23,12,3,66,27,39,85,6,71
2022,2,Internacional,73,38,20,13,5,58,31,27,94,5,64
2022,3,Fluminense,70,38,21,7,10,63,41,22,85,11,61
2022,4,Corinthians,65,38,18,11,9,44,36,8,84,6,57
2022,5,Flamengo,62,38,18,8,12,60,39,21,84,4,54
2022,6,Athletico Paranaense,58,38,16,10,12,48,48,0,95,4,50
2022,7,Atlético Mineiro,58,38,15,13,10,45,37,8,93,3,50
2022,8,Fortaleza,55,38,15,10,13,46,39,7,88,8,48
2022,9,São Paulo,54,38,13,15,10,55,42,13,102,9,47
2022,10,America Saf,53,38,15,8,15,40,40,0,88,5,46
2022,11,Botafogo,53,38,15,8,15,41,43,-2,98,6,46
2022,12,Santos Fc,47,38,12,11,15,44,41,3,102,7,41
2022,13,Goiás,46,38,11,13,14,40,53,-13,117,8,40
2022,14,Red Bull Bragantino,44,38,11,11,16,49,59,-10,93,7,38
2022,15,Coritiba,42,38,12,6,20,39,60,-21,113,12,36
2022,16,Cuiabá Saf,41,38,10,11,17,31,42,-11,82,11,35
2022,17,Ceará,37,38,7,16,15,34,41,-7,127,10,32
2022,18,Atlético,36,38,8,12,18,39,57,-18,104,9,31
2022,19,Avaí,35,38,9,8,21,34,60,-26,102,4,30
2022,20,Juventude,22,38,3,13,22,29,69,-40,112,8,19
2023,1,Palmeiras,70,38,20,10,8,64,33,31,101,7,61
2023,2,Grêmio,68,38,21,5,12,63,56,7,98,6,59
2023,3,Atlético Mineiro Saf,66,38,19,9,10,52,32,20,114,7,57
2023,4,Flamengo,66,38,19,9,10,56,42,14,89,5,57
2023,5,Botafogo,64,38,18,10,10,58,37,21,96,8,56
2023,6,Red Bull Bragantino,62,38,17,11,10,49,35,14,110,7,54
2023,7,Fluminense,56,38,16,8,14,51,47,4,130,12,49
2023,8,Athletico Paranaense,56,38,14,14,10,51,43,8,112,4,49
2023,9,Internacional,55,38,15,10,13,46,45,1,114,6,48
2023,10,Fortaleza,54,38,15,9,14,45,44,1,100,2,47
2023,11,São Paulo,53,38,14,11,13,40,38,2,107,7,46
2023,12,Cuiabá Saf,51,38,14,9,15,40,39,1,102,4,44
2023,13,Corinthians,50,38,12,14,12,47,48,-1,95,3,43
2023,14,Cruzeiro Saf,47,38,11,14,13,35,32,3,101,6,41
2023,15,Vasco da Gama S.a.f.,45,38,12,9,17,41,51,-10,103,8,39
2023,16,Bahia,44,38,12,8,18,50,53,-3,96,8,38
2023,17,Santos Fc,43,38,11,10,17,39,64,-25,103,9,37
2023,18,Goiás,38,38,9,11,18,36,53,-17,108,8,33
2023,19,Coritiba S.a.f.,30,38,8,6,24,41,73,-32,68,6,26
2023,20,America Saf,24,38,5,9,24,42,81,-39,86,11,21
2024,1,Botafogo,79,38,23,10,5,59,29,30,107,7,69
2024,2,Palmeiras,73,38,22,7,9,60,33,27,106,8,64
2024,3,Flamengo,70,38,20,10,8,61,42,19,76,4,61
2024,4,Fortaleza,68,38,19,11,8,53,39,14,107,10,59
2024,5,Internacional,65,38,18,11,9,53,36,17,103,6,57
2024,6,São Paulo,59,38,17,8,13,53,43,10,111,8,51
2024,7,Corinthians,56,38,15,11,12,54,45,9,116,10,49
2024,8,Bahia,53,38,15,8,15,49,49,0,86,1,46
2024,9,Cruzeiro Saf,52,38,14,10,14,43,41,2,100,8,45
2024,10,Vasco da Gama Saf,50,38,14,8,16,43,56,-13,94,7,43
2024,11,Vitória,47,38,13,8,17,45,52,-7,110,7,41
2024,12,Atlético Mineiro Saf,47,38,11,14,13,47,54,-7,110,13,41
2024,13,Fluminense,46,38,12,10,16,33,39,-6,118,13,40
2024,14,Grêmio,45,38,12,9,17,44,50,-6,93,8,39
2024,15,Juventude,45,38,11,12,15,48,59,-11,106,14,39
2024,16,Red Bull Bragantino,44,38,10,14,14,44,48,-4,109,7,38
2024,17,Athletico Paranaense,42,38,11,9,18,40,46,-6,98,10,36
2024,18,Criciúma,38,38,9,11,18,42,61,-19,97,6,33
2024,19,Atlético Goianiense Saf,30,38,7,9,22,29,58,-29,105,14,26
2024,20,Cuiabá Saf,30,38,6,12,20,29,49,-20,118,2,26
2025,1,Flamengo,79,38,23,10,5,78,27,51,78,5,69
2025,2,Palmeiras,76,38,23,7,8,66,33,33,86,8,66
2025,3,Cruzeiro Saf,70,38,19,13,6,55,31,24,106,5,61
2025,4,Mirassol,67,38,18,13,7,63,39,24,93,3,58
2025,5,Fluminense,64,38,19,7,12,50,39,11,82,5,56
2025,6,Botafogo,63,38,17,12,9,58,38,20,94,6,55
2025,7,Bahia,60,38,17,9,12,50,46,4,86,6,52
2025,8,São Paulo,51,38,14,9,15,43,47,-4,102,6,44
2025,9,Grêmio,49,38,13,10,15,47,50,-3,111,6,42
2025,10,Red Bull Bragantino,48,38,14,6,18,45,57,-12,114,4,42
2025,11,Atlético Mineiro Saf,48,38,12,12,14,43,44,-1,96,9,42
2025,12,Santos Fc,47,38,12,11,15,45,50,-5,92,4,41
2025,13,Corinthians,47,38,12,11,15,42,47,-5,110,9,41
2025,14,Vasco da Gama Saf,45,38,13,6,19,55,60,-5,79,6,39
2025,15,Vitória,45,38,11,12,15,35,52,-17,109,9,39
2025,16,Internacional,44,38,11,11,16,44,57,-13,90,7,38
2025,17,Ceará,43,38,11,10,17,34,40,-6,89,4,37
2025,18,Fortaleza Ec Saf,43,38,11,10,17,43,58,-15,108,10,37
2025,19,Juventude,35,38,9,8,21,35,69,-34,110,7,30
2025,20,Sport Recife,17,38,2,11,25,28,75,-47,98,4,14
